oii_3726_flux,neiii_3869_flux,oiii_5007_flux,h_beta_flux,nii_6584_flux,h_alpha_flux,sii_6731_flux,Redshift,bptclass
307.0014,-20.30892,72.29009,98.78678,205.9046,462.1176,103.0551,0.02127545,3
0,-14.02386,68.39606,119.4956,224.1136,472.5904,84.18053,0.02122228,3
39.05738,2.468194,21.44437,25.64047,51.59155,99.40005,21.65778,0.06465632,3
29.87828,-1.847041,11.85567,47.3665,54.13749,181.5262,19.16762,0.05598787,2
48.75391,-2.035048,35.46671,38.33226,25.78963,127.3058,25.72297,0.05265425,1
-0.3615074,-0.4402583,5.567666,18.89721,4.083941,40.48693,-0.5160196,0.08933747,2
32.11709,7.667253,15.59901,53.18228,76.35482,211.5018,28.47964,0.06502353,1
17.37712,2.074602,16.26119,42.86956,61.2213,195.5197,24.30562,0.05598059,1
2.507094,5.456329,17.7017,3.303172,15.84072,21.55664,7.073156,0.09708638,5
52.75665,5.581889,29.73346,60.80691,73.87218,229.1325,33.85824,0.06477907,1
49.50443,-8.345798,35.72292,62.10917,71.03431,233.1141,32.56358,0.06477667,1
53.26461,11.34586,32.56529,36.78978,25.23568,116.8699,23.1536,0.05265867,1
40.41666,1.987333,17.2893,26.19861,49.0535,99.23278,18.77828,0.06458879,3
39.72469,-1.453125,14.43169,46.94843,74.37387,206.2126,26.93752,0.06495924,1
7.614783,-2.884675,0.2394872,10.79047,10.09893,29.84661,5.914584,0.08429205,2
3.652538,-3.0421,3.604091,5.740711,13.0033,27.62048,5.453747,0.08439621,2
-90.82194,-0.3765789,14.35587,19.10229,11.94982,23.9577,5.10035,0.08931196,2
0.254246,6.534941,19.35973,1.673159,13.27273,22.05403,5.186358,0.09704147,5
23.85733,-3.268956,5.849055,11.11639,45.10143,64.06422,15.5901,0.09031707,5
2.70428,-2.321821,4.281445,3.402148,14.31235,37.98845,0.8574655,0.2156694,2
0.8336696,-1.060306,2.779737,9.77319,25.55181,39.7061,4.00624,0.2156489,5
40.4131,1.30682,20.20715,22.93367,58.8709,77.04804,37.11067,0.1346802,5
56.94071,5.865434,30.1875,26.23723,66.0034,75.17068,28.85622,0.1348305,5
6.311767,11.2066,3.657607,8.351458,30.143,58.95773,10.20929,0.1314682,2
0,12.45636,62.74385,47.89519,12.78085,129.3038,15.88207,0.006282841,1
0,16.45317,35.02144,32.96618,7.722822,95.59243,16.08574,0.006282213,1
-1.657838,-1.764514,5.163755,9.582579,15.94356,39.90361,1.372628,0.1336352,2
110.5446,4.338943,56.12985,108.99,314.7067,493.3123,66.01417,0.04809635,3
6.651116,3.187754,17.37961,7.084506,26.94582,43.18211,3.97719,0.1314801,5
9.680293,0.7764981,18.207,11.47643,50.72959,74.27435,14.66408,0.09024068,5
86.11495,2.05482,55.35548,91.71097,367.8763,510.6647,70.84364,0.04808582,3
3.272221,2.926894,4.13738,9.046414,21.9452,56.47032,-0.06901873,0.1337304,2
5.076125,1.542178,4.586644,-3.411979,11.51293,39.64566,2.636751,0.1232099,2
40.86594,4.92245,18.08399,66.98206,147.909,351.3045,36.9456,0.06518305,1
115.8856,10.84698,135.8997,24.93788,248.9264,169.8101,76.62032,0.09755617,4
119.101,24.43279,139.3042,26.14359,236.6659,163.2021,75.19833,0.09757023,4
8.226474,12.0124,5.018,28.9184,49.30979,129.6179,17.28537,0.06075863,2
50.59085,0.831885,26.21341,73.13292,94.02802,332.5545,30.872,0.1548131,1
33.36218,-4.41853,17.11002,67.97112,144.9492,340.6574,41.32718,0.06522541,1
141.8493,13.5625,95.84792,257.9409,563.4586,1151.211,153.6808,0.06490172,1
148.1703,9.018086,91.97394,249.5379,551.7997,1138.16,163.149,0.06492077,1
113.0321,14.6714,203.211,194.093,384.8589,919.3564,110.5897,0.1146793,3
8.583004,6.216227,10.5722,30.73027,56.05157,144.6518,17.30779,0.0606144,2
107.2831,10.8926,131.3203,192.5399,350.6291,863.9615,105.1476,0.1146981,1
10.03836,-3.082295,4.462333,4.489506,6.373372,32.89163,1.663264,0.1315531,2
46.84418,-2.674127,15.12925,104.8506,151.6372,451.1271,42.08566,0.06515202,2
49.37725,4.121176,46.40644,34.24051,64.89413,131.2589,28.5483,0.05654794,3
27.57145,4.686615,17.06064,13.08126,14.28031,73.03383,13.35892,0.05661002,2
4.857506,8.73079,9.870777,18.30871,21.44632,53.77407,9.946355,0.1307285,2
19.08212,-3.122691,4.653191,10.3177,26.77819,59.31511,10.76329,0.08326827,2
58.92178,1.525538,16.89602,104.5165,149.0907,435.4091,40.39654,0.06510994,1
9.220478,12.37447,6.049059,15.70114,70.23073,138.5247,20.66487,0.08395144,2
22.70267,-4.374086,16.68376,17.67719,15.1418,74.19983,12.03165,0.05656198,1
51.21359,10.18467,48.77468,24.016,63.78519,122.8311,24.40536,0.05657594,2
13.51761,8.645687,8.024322,23.3244,69.40302,143.6981,19.00349,0.08389291,2
13.29018,3.991841,33.38456,65.30417,207.7139,399.2891,35.96896,0.08362591,3
15.87312,6.647335,33.67719,79.06378,225.8526,417.9288,40.35917,0.08376556,3
13.15833,6.391723,49.30866,44.53191,158.4377,234.3734,31.62446,0.1253916,3
27.63232,-6.554699,98.37974,39.23985,13.93983,146.6773,18.56175,0.02200466,1
0,5.660729,111.6831,53.58604,16.38062,168.5709,21.96995,0.02196459,1
6.687479,0.7025099,11.95827,18.48777,52.6061,123.2337,12.79974,0.1249016,2
15.14094,6.341285,6.839128,9.502232,13.68547,23.80653,0.4443957,0.1314198,2
14.94369,-10.94383,1.790918,6.294763,9.4863,25.10957,5.021335,0.0624477,2
4.71147,4.854272,4.215663,16.48119,20.88102,46.77467,6.719137,0.1308193,2
26.82398,2.358707,6.638898,10.99446,26.918,54.35191,11.02527,0.08316904,2
12.73254,5.35033,46.1045,40.39793,158.7763,222.9027,37.53897,0.1254254,3
-2.719063,0,4.570097,1.819056,7.437778,19.00019,3.168026,0.06244991,2
6.030679,2.875943,8.125397,23.18227,56.98891,119.8734,19.25231,0.1249238,2
79.77194,797.059,47.01003,115.5547,186.2628,615.6885,82.45193,0.06738941,1
21.40933,4.426618,19.36009,39.90464,107.4403,204.2957,24.43758,0.127676,3
13.62538,4.485161,18.81992,10.18753,51.58831,38.61879,16.00938,0.06758517,5
0,17.20168,213.4362,62.29974,11.94616,206.6012,18.66521,0.004097234,1
5.486339,-1.536887,4.37667,10.33879,18.23345,38.37203,5.925146,0.1407275,2
89.81255,7.785534,51.88348,117.5592,187.5996,625.9243,82.95983,0.06741422,1
0,1820.31,34156.34,6294.01,237.1074,21890.45,411.4301,0.004810433,1
20.72105,4.610811,19.06965,42.259,97.19388,202.1996,26.91649,0.127658,3
3.769135,-8.031288,6.990156,13.24257,-4.704806,21.79977,-0.8476925,0.06727324,2
-6.60242,-11.33491,3.20861,18.6378,-3.313308,25.29556,2.284581,0.06730081,2
4.484773,-1.162037,10.0227,6.132284,23.2929,30.29305,6.537297,0.1408175,5
0,12.44671,155.7897,57.40349,9.423077,198.1692,16.39568,0.004080323,1
0,1573.432,31517.64,5755.302,219.5181,18835.12,386.6843,0.0047763,1
0,11.91412,142.6857,103.5782,44.13879,303.7175,53.93132,0.006039161,1
12.87443,13.062,2.022067,9.935477,18.2686,43.40881,2.980596,0.1264097,2
24.01871,3.762286,56.39861,40.2838,128.4151,167.0265,27.11935,0.1315158,4
21.44785,0.1074571,12.30203,15.31487,17.57924,76.40859,15.08073,0.0456523,1
48.57775,0.3489757,14.36026,70.65676,102.9631,297.5951,27.29667,0.1215755,2
25.21693,8.90406,68.8668,39.86888,129.9966,174.6208,26.54523,0.1315038,4
371.3594,21.3371,242.7913,355.5628,382.2177,1425.261,202.5497,0.03580908,1
0,3.369695,135.8967,97.55373,43.89219,288.7176,51.44818,0.006036635,1
54.40707,4.887266,37.07362,37.09747,111.4033,139.3886,49.19392,0.08925618,3
35.15057,2.734297,33.11293,28.48076,116.9966,143.5105,50.12525,0.0893447,3
48.68924,0.8949105,28.71963,109.2574,248.9967,548.3916,74.7152,0.1231486,1
50.03485,2.732476,34.62197,111.3009,256.0729,555.7532,75.75684,0.1231987,1
343.5425,22.27381,210.5195,333.1961,359.1024,1311.788,182.8083,0.03580831,1
-1.96011,-3.338126,-0.7633727,11.66746,16.40369,44.97949,6.069345,0.1263672,2
34.20077,-1.663478,11.1799,65.58004,96.71239,290.141,23.3943,0.1215208,2
18.02791,12.03725,21.31228,4.401685,32.3471,33.48396,16.09972,0.1258571,5
18.58193,-1.54826,9.526958,32.91386,46.92726,120.0885,16.54677,0.09212417,2
-2.442431,-0.3182431,7.962362,11.63949,21.67172,56.18715,12.06474,0.06940611,2
14.01593,-5.933081,2.684711,28.99303,51.51323,140.5096,14.73748,0.1206172,2
19.42759,-0.1751938,12.36513,16.27893,13.20481,80.99186,13.38651,0.04567251,1
11.76898,-2.686105,7.245886,29.25476,62.99851,156.4765,16.31223,0.1206084,2
8.262666,-3.284157,9.910617,31.45549,46.51873,118.3676,17.7835,0.09213265,2
-1.330543,-0.3335856,8.777528,16.61306,27.51143,59.3772,10.44801,0.06934141,2
66.30617,-7.150604,32.61568,86.22083,131.9281,350.9239,50.54429,0.06252577,1
2.709358,0.1467261,4.811323,1.599346,8.985084,15.32397,-0.8421917,0.1417113,2
62.93172,8.654655,37.32424,83.53896,129.4616,350.3976,50.20187,0.06248942,1
7.860743,0.4877318,7.136548,18.60152,40.6786,94.78371,7.147713,0.142703,2
17.9711,-0.208614,6.197324,19.85093,33.32927,78.15081,7.603252,0.142683,2
34.33548,8.795165,24.88437,11.4553,59.58081,33.51051,10.03069,0.153699,5
5.106879,5.951423,0.2681731,9.225026,17.71835,39.17488,3.432972,0.06773794,2
8.504788,-1.349584,4.341238,27.62638,28.47178,99.4229,7.888245,0.07163119,2
16.7121,8.305775,25.15825,11.26501,53.53598,44.52198,12.28635,0.1536002,5
11.67728,1.630847,4.385449,10.2273,17.84882,38.33061,7.153873,0.06770252,2
6.612644,-0.5831988,10.24901,21.08322,34.42918,97.32662,8.237232,0.07158983,2
75.18677,36.09502,589.1237,67.27792,262.5556,299.8377,56.99481,0.03074224,4
264.1939,15.56968,95.27357,149.5079,407.2752,737.1107,167.3828,0.05290708,3
28.98552,12.9323,8.99727,12.95431,52.93204,97.16862,20.51668,0.05260282,2
39431.43,196.3511,2842.657,615.1938,80.72092,2296.631,110.47,0.02171789,1
16.15735,-6.307954,30.22203,11.0407,17.81013,28.3912,-1.157692,0.03073909,5
24.55861,2.587665,7.44875,27.17783,41.91136,104.7169,19.56316,0.06750636,2
145.1697,26.04647,86.13953,266.446,489.7381,1334.967,146.9877,0.05217639,1
142.9789,0.013548,84.05383,278.8475,495.1776,1346.125,155.2246,0.0522889,1
65.47157,42.67329,594.889,58.5244,269.4241,307.6506,67.1727,0.03070351,4
-5.484191,-8.078348,4.001622,6.364493,17.0885,44.71756,2.829921,0.06226088,2
12.12287,-8.779974,4.097928,4.08115,11.6204,20.28218,3.087184,0.06240187,2
10.69001,-4.664279,12.95568,17.39622,54.30597,97.32457,19.82865,0.05255049,2
277.9141,5.313358,76.18038,138.8845,387.0267,649.9068,150.1077,0.05302386,3
20126.22,63.47535,812.6094,663.3417,478.5448,2362.678,309.4637,0.02174484,1
250.0155,26.93217,145.1758,218.4372,284.6306,1031.952,107.7979,0.05248393,1
18.73857,1.115763,31.62962,9.270573,12.74175,34.02883,-1.191617,0.03076891,2
99.02444,12.83585,70.26048,83.58832,107.1019,376.7933,58.40382,0.05354775,1
225.6082,7.690753,143.7897,225.4737,292.6825,1058.688,116.3645,0.0524687,1
0,206.9457,2956.007,663.3409,85.94353,2255.693,110.1759,0.02170876,1
58.51575,1.340249,105.4667,34.14171,67.42683,135.4434,31.64611,0.03645882,4
29.43218,4.072162,8.509685,28.34829,43.30858,121.1951,20.14495,0.067523,2
0,67.92199,780.1143,638.0527,465.8451,2292.528,299.6579,0.021758,1
49.67466,1.424455,114.1467,36.18832,73.52751,145.3708,26.49167,0.03645184,4
73.61369,0.3612739,61.42209,82.36267,105.3284,374.8391,55.71835,0.0536029,1
12.24477,0.8424631,9.889499,18.87344,44.58805,70.93686,14.40182,0.1284871,5
1.868647,-9.538221,13.43285,15.68707,30.21294,70.54305,3.089702,0.1285717,2
7.682156,-8.248636,3.114206,9.30844,18.60465,38.36275,2.473252,0.06228172,2
10.75341,-1.341599,4.586432,7.512946,25.55727,71.94921,8.330481,0.1254174,2
41.98837,-3.154561,32.40727,26.9584,46.37096,87.86826,22.60955,0.0631806,3
540.5112,4.697946,138.4747,50.78482,210.6066,207.5575,71.25947,0.02158549,4
8.733731,8.496259,6.644042,13.08595,19.35867,45.71928,5.236155,0.06296081,2
25.71367,2.222871,19.54163,10.96852,16.40988,30.46319,9.647084,0.09139155,2
15.90794,-2.288937,15.68244,64.8153,91.55006,311.4394,22.45355,0.06740563,1
15.92505,0.7427074,18.27027,7.065391,40.7547,55.85646,15.40887,0.06307655,5
16.69736,-0.9044897,6.973098,31.34226,66.77378,147.2138,14.12192,0.1262772,2
38.78268,-8.055924,22.73809,8.804711,19.01625,32.0859,9.436978,0.09138892,2
0,10.78895,28.87652,28.29921,38.69307,136.375,22.25997,0.0215799,1
36397.11,7.261523,21.51753,31.28289,37.23867,128.0259,19.00923,0.02157441,1
7.177773,2.645264,5.505061,8.118803,27.05975,71.16789,0,0.1255432,2
8.929283,6.574096,21.30934,6.295886,18.58406,32.07062,6.79473,0.06293288,2
29.23305,11.31261,39.65755,22.74333,49.33593,78.06777,21.79713,0.0632066,3
13.22717,16.60014,7.650269,27.96321,64.36655,148.5609,19.5424,0.1261984,2
19.23849,5.777762,16.70714,62.98207,96.56956,306.3833,23.46614,0.06737973,1
34.37329,-1.829917,18.65338,15.02143,44.0032,59.09758,18.6173,0.0630479,3
5.063746,-10.7056,10.87358,18.82906,18.02924,61.8816,-20.34635,0.09773864,2
10.20476,5.705251,2.032443,5.64107,6.990503,40.95184,-0.9449068,0.122412,2
4.943628,-0.1081331,10.87778,11.05687,50.72423,81.11268,13.46391,0.1451134,5
5.407825,0.3074826,5.917033,19.72272,29.63193,69.34895,6.995425,0.2031962,2
11.07147,1.227312,15.14741,32.74212,61.70764,156.6557,30.41875,0.0909887,2
12.42778,0.9836195,9.302483,7.79443,17.79335,22.4886,3.334437,0.09798842,5
4.523538,2.534054,10.96833,16.23257,7.624935,64.81115,1.751535,0.2031299,2
18.13626,0.8797317,15.99098,37.64988,66.1244,168.7761,22.56966,0.09099656,1
14.77664,2.575566,15.29429,12.73415,43.22586,32.36446,5.258232,0.1294421,5
25.42851,6.073268,10.52765,6.398813,31.05795,31.01813,11.24108,0.1294907,5
101.2046,3.887674,39.88118,112.6157,147.6067,465.4098,64.41814,0.06265986,1
10.8484,9.564679,9.521001,15.71293,59.65618,80.28764,16.47935,0.1450628,5
8.359503,1.773178,11.03037,32.44992,41.48017,134.9984,10.88439,0.1554309,2
8.726041,2.110436,6.74171,31.61452,47.26381,128.9059,20.84791,0.1554128,2
8.942266,0.5260001,5.889823,5.928367,18.06807,20.98145,9.598403,0.09799004,5
87.97709,1.893747,38.83449,119.7019,144.3199,473.5915,60.78732,0.06265516,1
415.0639,113.1788,1680.568,424.3076,228.5038,1548.974,94.97102,0.1473004,1
31.59121,11.96353,92.74484,15.58205,90.28859,107.7912,25.18388,0.1432976,5
41.83003,3.115184,11.12292,39.92097,76.60922,172.1248,18.72923,0.1526121,2
2.72066,1.645459,7.959375,17.72133,30.33762,83.19878,6.623621,0.06249849,2
24.41526,11.11644,104.8663,18.01187,102.2864,120.4901,27.21209,0.1432015,5
43.76955,0.9847882,11.28054,38.16251,81.89528,187.4059,20.593,0.1527078,2
-9.370187,-4.402068,7.518426,27.67723,34.824,91.11092,6.380608,0.0625282,2
19.43293,12.94061,17.50846,8.97653,43.96709,34.11702,7.196265,0.06759457,5
7382.508,3.76438,21.19815,26.33727,25.69921,98.33821,19.74626,0.0216521,1
9.467737,1.336121,3.889104,5.950491,11.77967,31.5817,3.246982,0.1454684,2
427.0777,99.0134,1647.43,472.8501,230.83,1584.278,92.22054,0.1473114,1
6.155222,5.467003,5.061472,6.306112,18.80316,23.66136,7.010397,0.09848519,5
9.268005,-4.135096,9.472347,2.965794,26.53438,27.41569,10.8906,0.09854387,5
11.98316,4.265384,11.58125,9.160406,13.66166,26.48458,10.75471,0.0983509,2
244.3521,105.2143,986.9863,122.1652,552.0638,492.7419,194.1819,0.06758778,4
4.838453,0.644174,8.291881,7.860754,14.89399,41.12587,528.4762,0.1461377,2
0,3.735689,20.9408,33.48423,25.88362,110.7399,24.54501,0.02165231,1
261.9294,106.1306,966.6317,122.3304,547.7561,472.3678,183.8424,0.06763429,4
3.148232,-4.302902,3.39235,9.789638,22.81287,32.29578,27.4279,0.1460339,5
-1.016173,0.1667543,4.154623,7.40468,8.230973,18.20489,0.02818416,0.1425823,2
11.7417,1.130993,12.1044,5.016534,18.8103,23.94296,5.658797,0.09833237,5
198.6765,10.77749,107.4063,194.5769,229.4589,724.7258,90.24107,0.06259136,1
13.26235,4.131592,13.49667,53.70448,91.39256,271.502,27.88687,0.09118938,1
119.5321,13.10216,130.8339,109.6307,427.1596,850.1395,165.0395,0.1458226,3
71.7244,0.6299008,31.13121,112.2942,170.8318,523.62,60.77995,0.09830175,1
10.5225,7.237985,8.858551,12.35249,31.2251,48.39938,3.908323,0.1439173,5
207.9478,3.217403,115.3136,206.3323,220.635,732.7711,90.74305,0.06260142,1
47.37184,4.112462,47.29041,39.15329,17.2116,123.5081,15.23939,0.1254564,1
56.71465,4.834811,25.31132,57.52115,88.04391,270.9315,35.24282,0.09768173,1
45.22399,-5.615048,24.98267,14.05964,7.728051,57.5878,11.09167,0.03034743,1
69.61906,4.387838,27.63784,103.9028,155.741,486.8309,56.07576,0.09832241,1
9.198826,-3.001675,3.101952,14.16893,29.0342,39.67025,2.752112,0.1438666,5
13.87865,0.0332607,9.987125,53.21636,96.59939,271.3318,27.16348,0.09113582,2
47.69399,3.821944,60.51614,36.50489,19.75354,141.8279,16.09504,0.1254306,1
50.64994,-3.07967,24.4036,55.33477,85.27718,256.6191,40.40842,0.09777857,1
123.842,17.99751,136.6538,117.6491,426.8952,825.489,140.5148,0.1459143,3
8.482317,-2.642451,4.284774,4.407211,18.259,23.02035,4.311391,0.1451567,5
8.081645,2.395829,8.636382,4.775193,32.9475,55.67607,12.37474,0.1448559,2
10.80974,4.28277,5.119679,13.88602,40.13726,46.51106,11.97145,0.1448964,5
40.08301,0.6898237,23.40424,17.53957,5.879836,57.26432,10.91127,0.03036259,1
29.42353,17.64937,46.55729,7.960468,85.31347,50.40124,19.20558,0.06084378,5
5.032444,4.282298,5.961378,8.699115,33.10292,49.99338,20.76042,0.1467383,5
34.5886,0.03660028,13.25229,36.30372,88.57602,202.8681,20.23233,0.1490629,2
41.96344,5.267823,24.30521,49.36584,80.86584,222.7212,31.73342,0.09888671,1
24.07619,5.498502,21.37016,41.57892,73.54416,193.7819,27.4138,0.09882925,1
21.90285,-0.04995466,15.48654,2.674402,20.17333,22.91956,3.828683,0.08816301,5
7.386456,1.707664,19.73507,2.167771,27.13676,20.49056,5.187601,0.08805942,5
42.80369,-6.193736,13.35403,42.23775,88.45087,215.3962,26.34444,0.1492066,2
114.3158,8.139717,80.88867,157.7448,313.3217,655.6909,83.91689,0.1259125,3
42.83762,15.14771,50.63292,10.81933,77.63982,58.08457,19.21401,0.06079154,5
10.99594,3.747896,7.558483,7.054588,40.79873,43.07973,8.640736,0.1467638,5
98.43819,5.782675,81.7294,151.6841,311.5997,656.5287,82.72504,0.1259298,3
22.11312,2.844519,11.40468,15.05008,49.96394,76.72754,15.77321,0.1213054,3
27.48163,14.93736,79.41707,18.82389,53.52052,77.18488,14.18763,0.1486831,4
21.97744,4.027901,5.229819,34.08398,89.17348,204.6532,22.57673,0.1224656,2
23.6282,5.524045,75.69289,18.9096,54.08386,80.82387,24.19401,0.1486212,5
23.83096,0.9133241,17.00939,33.75164,54.15761,150.1607,27.54781,0.03587863,1
29.01958,-2.366426,14.86208,20.88988,25.00797,46.67517,15.06206,0.09087794,2
18.38674,2.701452,23.64548,29.33144,99.49845,186.1482,26.40105,0.08993113,3
-32.044,-3.571064,5.519151,4.732705,8.59267,17.71206,1.041418,0.09053612,2
17.93072,0.7059849,15.87008,32.73176,95.93489,176.6181,27.52038,0.09001952,2
24.05857,3.688613,8.333407,11.81296,30.15986,27.90623,20.04792,0.09091154,5
21.51538,3.066667,12.60663,18.88217,52.97271,81.89503,11.46498,0.1212464,3
21.11749,2.130033,5.701233,42.30338,97.88813,206.9921,21.1926,0.1224499,2
7.358187,0.03084421,5.866862,16.52235,27.65116,80.32958,5.251546,0.1814355,2
4.765586,1.247355,6.607433,11.7732,24.91698,62.40552,9.763988,0.181434,2
66.04813,7.808217,34.71779,52.01683,61.65749,210.204,34.42803,0.09826267,1
29.32555,2.011846,15.1909,32.66684,50.47964,145.2864,25.45347,0.03590238,1
46.39741,-5.041476,7.28868,5.832174,1.154555,32.57417,-2.073047,0.09017077,2
0,0,25.72607,46.88715,55.99072,190.1429,22.40865,0.09823761,1
34.7552,1.543326,15.59121,41.29351,53.76729,168.4642,22.11577,0.1425671,1
13.75869,7.292985,1.12351,18.12686,21.3287,72.67026,20.56258,0.09059294,2
53.87722,-2.850728,22.76943,33.09707,52.34507,109.4993,18.09337,0.07141443,3
52.73044,2.30198,15.87021,32.0818,51.52702,112.9454,19.14237,0.0713802,1
18.65135,-6.616286,10.92638,29.65287,53.84569,136.5951,15.87736,0.06653853,2
24.18651,7.400206,8.464056,26.17351,54.02604,135.2554,16.18207,0.06655016,2
35.19766,-0.3075597,25.783,33.91367,68.61999,122.2951,26.03476,0.1185693,3
17.37986,1.314974,12.1156,17.68659,28.62536,90.53979,26.1026,0.09067135,1
48.23114,4.863228,28.0456,32.09054,68.26641,133.9965,26.44269,0.118615,3
19.70859,2.956701,8.760698,44.52553,87.97944,214.0467,16.12082,0.1504829,2
36.63687,-4.155715,15.69489,50.89903,58.15033,179.5962,28.50644,0.1315616,1
14.12765,2.011521,18.45897,11.81604,25.09849,27.29132,3.163164,0.1510908,5
14.58887,-1.759363,16.05515,51.20065,85.18291,237.9509,21.1949,0.1504413,1
33.54778,-0.985507,13.22333,7.716393,70.66759,53.27782,12.22367,0.1295754,5
12.44662,7.017172,5.676888,8.810951,55.71833,51.08707,13.88175,0.1296703,5
36.2153,-1.2232,12.73099,44.962,59.61866,180.742,24.58288,0.1426113,1
12.16952,-2.011394,0.5007249,24.11995,41.14591,127.9798,15.72656,0.1532182,2
75.85998,-5.081333,25.6267,100.7561,151.7201,390.5861,57.55163,0.05195406,1
83.90803,4.263654,26.13728,103.4303,146.3845,388.7352,60.98177,0.05194972,1
0.620275,-0.527904,1.97649,2.729703,7.708667,20.49216,6.79861,0.09103485,2
8.48435,2.540846,6.154003,21.9003,38.41905,98.95401,5.861248,0.1204287,2
27.86215,0.050976,37.94896,26.91041,39.97906,121.5779,18.6655,0.1482354,1
4.549065,4.522397,8.460258,7.798236,27.32331,33.2857,-0.4543716,0.1202443,5
38.24327,1.34547,14.60032,32.45984,36.3591,124.2168,21.92712,0.06232524,1
-5.153982,3.181628,8.631536,6.356789,2.860359,23.43483,-3.569384,0.09097773,2
10.58218,-0.6093082,4.633948,28.3133,47.31293,123.2356,15.92477,0.1533533,2
25.13198,10.39178,38.00034,24.91961,46.22643,127.7553,19.39283,0.1482937,3
36.71064,-1.568909,21.07775,35.12086,32.00217,118.0372,21.45177,0.06237372,1
7.243936,-1.166419,4.36011,17.92886,32.60537,90.3931,3.678439,0.1204324,2
105.6172,6.755339,66.02779,100.0125,99.72473,427.0232,63.15191,0.08886714,1
37.90533,-1.465215,26.8483,65.53061,75.80746,232.5851,29.21039,0.09888644,1
12.92525,-3.682794,12.72899,40.86462,61.07787,173.7842,27.8308,0.05720931,2
126.6823,4.605782,136.573,100.3149,50.85091,316.7157,43.28254,0.06147218,1
18.24201,-2.957793,11.20292,24.11378,68.5897,129.8425,17.43145,0.1675947,2
16.03743,1.63593,8.428411,32.28375,70.65503,136.9447,12.37728,0.1675548,2
42.34356,9.955976,25.73311,59.26929,73.96854,232.78,27.44852,0.09889773,1
36.20867,-1.21653,12.05603,9.801526,45.12023,41.8506,7.261943,0.04707855,5
32.76179,10.60431,17.95284,12.05139,48.99981,91.13182,23.71851,0.0512595,2
96.46863,3.438337,59.81681,103.2128,97.73875,403.3705,66.66057,0.08884182,1
0,15.45834,116.8403,100.9622,42.85109,346.4428,52.01381,0.006573134,1
-0.5005863,-0.416227,6.639428,8.443042,42.54916,34.81096,20.50936,0.1515787,5
24.86417,6.329494,15.20661,41.71413,65.8357,180.8174,24.20495,0.05720619,1
0,3.16515,111.5933,102.3102,39.23271,342.8454,46.67073,0.00658949,1
117.4783,3.582072,142.5006,96.17793,54.94217,320.2844,43.11212,0.06147911,1
27.00499,-4.524016,18.46233,21.52074,46.30175,76.15373,15.53776,0.05129556,3
1.806396,10.68022,12.31442,36.87337,70.92482,182.2564,19.84421,0.09790982,2
19.66033,1.006669,18.5977,33.71523,72.38217,174.8124,19.18493,0.09790488,1
-8.296973,21.58984,-0.6021832,12.68289,31.9488,39.08885,0.4953579,0.0982094,5
2.975274,1.681594,6.13351,12.67162,40.98183,79.70974,9.38998,0.09089124,2
14.2019,-0.06317164,11.0809,38.70327,94.17024,191.7118,22.31417,0.08334593,2
13.08098,-5.719775,1.96895,13.63703,33.74992,80.05003,11.42916,0.09088663,2
11.31069,2.871996,5.640034,-43.67038,70.94817,163.1782,13.10721,0.1469123,2
16.67036,0.6346107,7.104698,48.81434,89.85516,192.3861,13.95318,0.08333942,2
22.61954,2.676044,10.49616,41.94273,47.3739,150.8795,20.37406,0.06459321,2
8.857215,-1.893701,6.483778,5.665543,64.30032,160.6902,11.89849,0.1469381,2
6.943629,4.248652,14.43283,5.460364,16.10177,15.11413,1.414492,0.06222474,5
9.159862,1.628023,18.0466,5.191631,25.82727,30.50418,5.28261,0.09825251,5
4.412974,0.6950484,8.841463,16.84094,28.11454,66.51695,3.184514,0.08320359,2
23.76052,4.782189,9.570147,6.027894,20.70119,20.47094,9.972689,0.06212905,5
10.1844,1.968404,12.3405,2.577085,16.66063,11.50861,5.406518,0.09015931,5
5.329888,5.341343,1.509153,11.50674,15.70364,56.32693,9.133705,0.1256563,2
7.863341,-4.554842,-1.037978,11.29969,18.3238,55.59976,6.124572,0.1256738,2
20.82934,-1.872632,12.76922,32.05624,46.9244,155.0861,23.14065,0.06460119,1
4.406099,-0.4435604,4.369401,15.07073,28.06854,60.68333,9.339371,0.08318624,2
48.20934,-6.077695,26.8173,69.99231,94.00083,351.0885,46.65366,0.06223454,1
22.49212,4.905718,10.09232,14.63386,42.82106,58.58734,6.245495,0.08260037,5
14.0628,0.04932204,-0.1448289,17.79098,70.19587,118.3999,17.23153,0.1636852,2
48.5162,3.687556,32.90906,131.298,235.4493,593.6245,61.51342,0.1353626,1
77.10321,2.318235,48.33851,11.91039,121.1176,119.5515,64.52798,0.06257941,5
15.60565,9.562076,7.876357,13.50109,73.97807,106.7078,20.43631,0.163592,5
89.46772,9.391752,53.55283,106.4664,130.4489,404.0885,67.6757,0.05735964,1
13.93068,-0.6615462,21.03224,8.303477,29.22874,55.86353,6.560751,0.1638765,2
15.45907,0.8730019,15.62463,9.366003,36.37386,66.95496,8.677031,0.1639919,2
102.754,0.6152239,58.85557,106.1972,131.1818,395.2715,66.31698,0.05736921,1
72.08648,10.17747,46.37664,21.15593,138.9239,133.8752,66.47538,0.06256682,5
21.03212,-2.225407,7.276679,6.426092,34.05165,59.31889,8.110294,0.08259339,2
-1.713352,-0.565556,5.664312,12.35284,15.0836,53.64807,5.145792,0.1660953,2
10.78249,-3.111104,5.496216,12.61961,18.72568,51.88493,15.8145,0.1661347,2
41.46013,8.777102,26.49664,129.7674,234.5796,600.7238,68.57773,0.1353705,1
55.71984,3.899969,35.74907,122.8822,280.4643,618.8243,86.75212,0.04576435,1
11.66973,0.671647,1.515327,29.72382,23.91367,48.74673,3.81349,0.1461468,2
9.1509,-1.750301,14.00304,17.64986,31.19153,103.4862,15.25738,0.1523109,2
54.38369,2.901991,37.4241,113.9731,269.3496,586.3332,83.99057,0.04570889,1
0.672707,4.136238,-0.5657492,11.44366,19.28306,32.46984,1.525218,0.1461367,2
37.76162,-2.850851,14.63298,16.70062,70.80495,84.42124,28.12267,0.1557892,5
10.88649,5.841581,5.67854,14.00578,47.27875,108.3145,11.17566,0.1522246,2
0,0.06895641,3.656026,35.59267,39.80714,153.8173,11.71782,0.006378901,1
49.17977,5.55442,4.961571,17.94516,79.50763,87.17911,28.08211,0.1558278,5
13.49941,4.454926,7.679917,12.78566,29.34092,45.6236,7.056921,0.0904962,5
65.15894,31.87929,457.2799,108.1491,523.2604,573.3648,98.75305,0.1225028,4
57.90369,27.08102,452.449,121.3313,520.5421,576.2369,110.1778,0.1225,4
10.37257,6.710286,11.0588,16.36924,28.07235,55.26268,3.910598,0.09049731,2
0,1.188024,4.021027,34.59045,38.72347,145.2406,11.42728,0.00638492,1
18.48393,6.878591,5.340964,20.88762,36.0518,92.75784,13.86328,0.1204177,2
10.54168,-1.11364,14.3692,29.89396,47.33845,96.39385,15.94963,0.120346,3
1224.3,183.1926,2399.147,953.7944,441.7446,3334.863,310.099,0.05157993,1
35.61328,-3.053904,31.13327,25.70342,71.05056,91.34014,29.1194,0.1231886,3
69.05503,15.38814,107.3838,214.1007,380.6035,993.2001,83.85831,0.03801033,1
1216.391,177.0269,2524.677,998.5123,441.258,3601.152,307.0977,0.05158934,1
25.51261,2.971296,18.03933,34.4959,84.28458,167.7805,18.23811,0.1633932,2
5.869261,-2.543633,11.83508,8.066994,20.2083,25.96159,4.059365,0.1241183,5
23.44327,1.621533,7.564551,32.48492,89.41029,163.3555,19.57387,0.1633623,2
38.72886,-0.06755473,35.29883,20.05196,74.64108,102.78,28.2061,0.1232092,4
238.1414,7.411135,192.3632,223.9568,147.6194,691.8965,71.84902,0.03745268,1
249.2365,8.527714,197.4061,214.1368,161.5144,725.4607,72.2782,0.0374546,1
6.281025,6.952939,7.744016,21.06463,57.38767,90.14246,12.5212,0.1198637,5
7.981171,-4.311812,-0.03434011,3.500082,8.500541,15.46783,3.64655,0.1224141,2
61.18267,5.54064,105.9989,211.8941,376.5086,989.9269,81.65948,0.03797853,1
9.590031,-0.5015426,10.23484,24.45117,51.76315,85.25614,9.556328,0.1198547,5
48.45003,2.311945,19.75804,64.40752,83.51193,264.6972,34.98269,0.05328872,1
41.20811,9.676371,29.95322,8.741755,50.05048,26.30256,8.552696,0.1515293,5
38.59575,-3.860367,21.92434,61.06378,86.58644,267.5282,37.57005,0.05329375,1
22.15422,9.392871,55.17836,15.28071,47.925,57.89331,13.12788,0.02662709,5
18.12022,7.073435,57.39756,12.10792,38.07753,50.1729,22.73436,0.02660205,5
7.282529,-1.709577,-2.236825,9.46492,13.60291,48.75008,8.271506,0.1561304,2
57.95156,3.235406,28.16864,42.8554,44.77205,169.4279,30.776,0.08001204,1
12.13787,1.821931,1.087491,17.26594,7.595903,53.05276,5.131335,0.1561039,2
32.5311,1.939362,13.84128,16.60044,54.12993,45.17073,8.251519,0.1642566,5
23.75125,-0.9043895,12.04518,9.514073,44.33824,57.52534,13.61919,0.1641583,5
22.79701,2.882453,50.93515,43.1407,132.1341,196.0961,36.36559,0.1222728,3
18.83832,7.975648,6.972032,28.0034,68.68687,133.755,15.13879,0.1223441,2
27.0319,-4.106294,9.946052,40.73222,47.55698,145.4322,21.93468,0.0627807,2
44.79639,5.408102,49.28839,70.19812,198.3827,374.9436,54.95967,0.02524959,3
24.52369,6.709017,8.712358,33.42539,75.26357,133.9608,18.13108,0.1224014,2
25.23909,0.195008,16.65182,46.34392,83.12309,234.7746,32.73359,0.0367165,1
57.36994,6.107343,34.14091,53.30949,51.09724,198.1381,36.82865,0.07998672,1
0,4.159034,1.130908,4.268187,4.010897,14.72631,4.662686,0.02156401,2
21.98967,9.423577,12.28566,32.91891,42.20993,137.0928,19.69932,0.06277641,1
38.42081,-0.4330098,15.15882,49.74669,89.19385,225.3687,32.384,0.03669919,1
32.97192,9.251056,45.61839,49.51504,139.434,193.0126,32.33186,0.122207,3
350.6768,304.7897,4311.511,645.1212,52.13974,2082.63,70.39994,0.02494532,1
407.4591,321.567,4605.134,695.6219,51.04001,2154.871,70.34242,0.02492348,1
32.23951,8.148907,49.50208,62.27009,196.5373,361.8823,58.60144,0.02524963,3
35.67092,10.94037,146.4084,56.34292,173.0037,236.8927,52.49122,0.123279,4
39.88371,14.34639,153.3905,48.35335,185.1588,242.1953,41.66609,0.1232731,4
0,12.23743,63.42884,37.3512,1.824962,96.31825,4.880166,0.006342039,2
9.777298,1.541486,1.530842,24.1229,44.41307,129.3254,12.30853,0.1436299,2
11.40726,-2.48722,7.523073,22.64797,46.09235,138.0457,15.85137,0.143772,2
0,7.413776,65.6298,30.1784,7.334184,108.7583,6.205035,0.006355164,1
-5.44801,3.296792,1.026578,9.15012,23.48977,23.92471,1.812447,0.1200819,5
28.68909,14.81306,226.0838,32.87817,130.5867,152.6501,45.83794,0.124128,4
28.55566,8.515457,215.3123,29.45722,125.6447,147.9404,47.3302,0.1241094,4
11.36966,-3.875118,30.29993,10.00516,39.42457,52.38928,10.74789,0.1224185,5
8.235538,5.450484,16.29399,5.716549,34.33618,45.81546,3.635108,0.1236259,5
78.07279,3.473678,47.40389,51.73865,80.73684,204.8127,42.59581,0.03037806,3
13.45183,2.768261,15.04641,31.81747,95.64536,171.3261,20.63931,0.1436527,2
167.8555,3.519701,94.05027,196.3355,257.0442,873.6693,119.2706,0.08010525,1
31.61281,1.583066,14.54816,23.93297,19.76946,77.74821,17.58755,0.03047678,1
186.3309,7.197845,96.68105,197.7811,252.1798,887.5396,123.0287,0.08006686,1
23.89473,2.951807,16.63534,39.39012,88.55323,170.6448,23.96768,0.1436463,2
88.68133,-2.149363,38.5819,44.90566,86.59311,200.2706,41.37077,0.0303838,3
119.1084,15.32394,173.4187,47.87605,167.8519,190.735,74.70917,0.1222152,4
26.35677,-1.487272,14.2118,19.39352,18.32261,83.7776,14.69841,0.03048641,1
9.789747,8.164351,5.648367,11.49474,30.001,44.9868,6.884676,0.12362,5
9.237614,-0.8214568,5.314137,16.6195,44.74538,99.97867,6.726518,0.1442122,2
0,141.9041,2169.292,650.984,190.1516,2247.352,173.1788,0.01112301,1
3.984037,-7.729909,6.206331,4.635263,25.98059,31.93977,8.26302,0.1445674,5
12.69724,8.385613,12.07063,16.41183,37.48006,102.9884,12.63802,0.1441793,1
87.63567,9.200623,72.94606,71.89475,58.62347,259.0957,38.09524,0.08002982,1
0,140.6425,2279.035,701.9868,198.7981,2375.152,178.0945,0.01112419,1
34.23711,1.699521,14.76035,66.13542,104.2506,309.0901,28.95356,0.1454365,1
36.01256,3.451444,13.59192,67.07693,111.1576,311.0553,30.09913,0.1454738,2
2.06389,-1.409579,9.305771,7.587738,20.44137,35.98981,3.762922,0.1445547,2
74.81643,24.43401,175.4055,44.21009,167.8092,195.6631,71.67097,0.1222151,4
94.58904,4.019238,69.72427,71.70961,57.32608,263.7695,43.74263,0.08002961,1
11.92808,2.943995,18.40462,29.69394,52.05584,121.6426,5.506449,0.1256362,1
20.18983,1.880686,18.70492,26.89888,52.58656,115.1415,8.520628,0.1256616,3
-0.9106386,1.201823,2.274449,17.46152,16.35795,41.95093,1.144721,0.1936545,2
98.41043,2.014479,87.5701,94.31874,131.3241,459.367,69.78603,0.03735736,1
22.48894,5.367026,16.13158,16.29681,22.03117,57.32669,14.09011,0.03612467,2
26.46417,5.061984,51.98647,19.14841,48.66597,56.50442,20.19554,0.1442188,5
34.56232,-12.48932,15.74001,15.24712,20.85264,56.51643,15.76461,0.03610206,1
21.84297,0.7754183,14.27475,48.05497,74.91307,195.1224,22.76169,0.1443459,2
27.21562,-3.081925,4.161932,19.30637,6.393105,50.15817,-164.5171,0.1444119,2
-4.577216,-1.753309,17.45562,6.173541,22.38958,53.20648,41.01242,0.1936121,2
27.0301,-1.051772,15.18344,41.44617,63.29676,173.359,20.19247,0.1443569,1
110.489,2.936105,78.86189,96.96624,144.9513,474.9688,70.70503,0.03735544,1
4.819755,0.3042898,5.157605,36.45838,51.89845,161.5973,15.6441,0.1259206,2
15.40257,-1.334094,5.112977,30.54209,53.11882,171.1187,17.4615,0.1258525,2
17.01713,9.475086,50.0715,16.45282,48.71075,56.35277,26.91611,0.144225,5
29.71791,10.84395,39.18166,67.07059,147.8776,268.2091,43.78136,0.05732279,3
8.072589,-2.569799,5.426711,29.45174,28.68259,71.50941,4.789783,0.1907701,2
9.34461,1.442855,9.169623,31.72688,95.36105,153.7639,21.27151,0.1203614,5
10.7089,-3.852124,3.247802,11.1782,42.0421,101.2425,2.796867,0.14669,2
179.1639,11.1642,82.9399,317.2462,505.0709,1538.489,179.6677,0.03036829,1
38.57294,7.329288,22.10358,36.79979,44.34494,159.557,27.92311,0.05756393,1
17.44252,-6.305544,3.99072,20.44575,33.72571,83.05614,9.290561,0.1907285,2
126.3788,5.293056,55.87589,125.2021,171.8739,483.6499,61.19441,0.04892089,1
204.9317,9.755609,85.59758,317.4383,505.576,1473.619,162.8932,0.03032346,1
-5.126815,3.496081,12.71484,21.81068,84.24404,99.701,15.01995,0.1291555,5
2.658899,-5.561631,1.914688,14.26458,25.58575,80.87118,6.163366,0.119759,2
-0.1215303,4.106726,-0.6102734,3.610974,19.23759,37.12165,2.231103,0.1206103,2
12.13643,-0.8337669,9.276914,9.439767,20.93547,42.00387,5.159314,0.1206606,2
36.81757,1.464716,22.95906,46.826,47.92018,166.4381,36.0816,0.0575771,1
130.8138,2.814959,45.90336,128.0497,182.7587,507.958,59.78167,0.04892132,1
10.11881,-1.722885,8.584119,17.23087,36.96015,110.0819,10.82321,0.1466984,2
18.65045,-0.7023254,6.502659,33.16695,72.59306,150.4623,21.94637,0.1203865,2
13.94229,2.427331,12.37557,15.45703,80.07401,98.8429,25.35174,0.1291836,5
4.454909,-2.517749,-0.9646248,15.33977,23.21185,78.98381,7.344792,0.119739,2
69.09324,8.175753,38.00491,53.42515,132.5258,225.8311,39.93906,0.05742602,3
153.1298,16.93894,430.5441,183.2119,87.9687,634.6501,41.65535,0.2701144,1
25.86432,13.74226,6.549736,11.14175,40.34949,54.52878,24.55237,0.12789,5
9.994474,6.263642,6.354975,22.59447,36.04971,109.4604,12.8415,0.1429193,2
0,0,16.89235,45.94022,90.40683,256.7376,34.75271,0.1276188,1
76.4063,8.217901,33.79525,46.81037,39.90089,180.2648,32.13786,0.02630965,1
10.38119,-19.91385,55.79836,50.89284,-20.79002,151.0206,5.449669,0.02675972,2
129.096,21.04649,351.1635,140.9157,84.946,556.8371,45.7187,0.2701064,1
21.1355,-5.222105,28.74591,17.55916,13.15464,79.0673,9.129597,0.06155552,1
34.2445,1.260172,26.32885,15.91509,14.35056,77.01791,13.84345,0.06153553,1
12.09694,6.359311,16.09192,11.44641,40.60973,52.25406,18.42459,0.1279921,5
40.81856,-3.041662,24.44448,43.33121,90.28057,257.0823,34.4282,0.1276592,1
0,15.58092,86.496,41.30506,8.068009,164.3208,18.69137,0.02027689,1
0,2.045766,73.61599,50.22465,11.30263,155.941,19.45952,0.02025769,1
19.26687,-2.389221,8.517661,50.54839,78.42273,234.6278,19.78341,0.08543079,2
31.84076,2.403825,11.39995,50.24716,80.28949,212.1318,20.68296,0.08535129,2
3.785759,2.98036,7.114043,17.8656,44.46295,74.09858,14.87356,0.1427506,5
23.34891,6.188685,8.817845,14.69218,40.74775,79.83372,16.76075,0.1428866,2
12.82861,-4.31833,5.492604,24.2643,32.3959,112.0162,12.39536,0.1429204,2
56.47372,15.48816,36.91146,51.13116,44.08714,184.5013,32.18094,0.02630387,1
15.64712,-2.860944,8.295544,33.02384,47.31856,134.3766,17.93678,0.06357722,2
44.54034,6.653405,13.6483,33.0836,33.79543,111.7934,25.51127,0.08525799,1
0,7.97014,70.22443,156.3904,515.1613,853.0652,140.8103,0.0200758,3
980.3502,68.30598,1053.112,612.728,351.6221,2139.695,244.8647,0.03053254,1
-2.453242,1.322623,3.377626,14.52007,27.38727,77.15268,7.352251,0.1799515,2
99.91886,8.255222,110.3697,67.929,30.793,235.4682,29.25679,0.02518525,1
16.38112,-3.367478,8.572993,35.2303,46.49121,142.1043,19.08743,0.06356847,2
24.03391,8.85917,10.795,8.850605,42.00333,65.62848,1.4488,0.2109386,5
109.374,5.727107,114.6989,68.75723,31.27232,229.0997,28.52964,0.02518325,1
7.352035,-0.2595417,7.053967,21.37587,30.52091,82.29309,7.256042,0.1800086,2
26.86077,2.058243,17.71315,37.22766,32.04426,119.5019,0,0.08532699,1
0,21.28156,361.8713,233.9729,123.1729,799.3585,85.74458,0.005923478,1
0,16.7568,72.82698,152.403,506.3831,824.9639,144.5349,0.0201233,3
0,8.037458,354.5447,229.5928,119.7829,777.9006,83.47686,0.005922012,1
8.725919,2.837291,8.330315,19.15155,34.0419,48.61817,4.71033,0.2110807,5
823.2639,71.39383,1156.8,596.6564,311.6787,2121.957,212.2279,0.03049692,1
29.35169,-6.43136,10.60981,41.81385,49.51488,159.9336,21.07306,0.08643828,2
0.5182552,4.160721,9.819548,12.34645,21.56279,59.77298,4.367274,0.1281922,2
17.95044,-4.312332,8.839202,25.65632,47.08037,129.5306,14.38707,0.08577084,2
6.596458,1.00191,8.076777,4.974944,8.487494,27.37239,9.533981,0.06297942,2
15.93448,-0.8931254,5.221063,10.32375,16.70033,27.10921,7.102315,0.08557262,5
12.23275,1.853196,11.96185,10.59184,9.48339,26.49661,4.572256,0.08561324,2
13.61774,3.539883,18.03165,19.14489,43.47404,104.9067,4.368855,0.161431,3
0.00103745,5.829936,-0.5571639,13.90619,23.84517,66.91412,7.728831,0.1281732,2
26.85108,5.150806,8.287917,39.60222,52.50768,159.3771,19.61904,0.08645536,2
39.15015,11.40039,32.57002,-0.2460645,91.72131,120.5827,24.16519,0.0864859,5
0,14.51006,132.1766,65.33237,17.55777,218.7814,0,0.006194327,1
26.93168,-5.609423,19.64905,53.04268,115.1251,351.3117,35.02693,0.1616769,1
0,18.3447,153.3803,74.80563,18.98438,243.9635,27.53757,0.006186391,1
14.66852,3.841347,6.008904,21.57409,48.82838,122.9959,13.83742,0.08577254,2
8.901971,0.7402756,21.39551,53.95807,125.7305,367.3407,37.1511,0.1614988,1
12.69976,2.326722,2.454959,20.97828,46.47911,111.954,5.80279,0.1613156,2
150.0074,59.92605,510.7472,74.61169,160.0934,241.2164,48.87082,0.06240857,4
18.72347,-5.497174,9.715894,39.38482,51.47818,156.5744,14.05432,0.06269012,2
233.4302,3.918103,152.4512,234.3673,407.2336,1001.9,136.3014,0.1258487,1
125.8343,4.549822,117.994,129.7158,111.1444,493.2119,55.07082,0.06348434,1
16.35168,2.06337,9.037024,28.90975,56.60385,164.8534,15.84869,0.06274054,2
1.510438,-3.242862,7.87108,5.614594,20.17437,21.16673,6.521269,0.06181516,5
51.0909,-1.826276,34.94744,76.71506,202.0586,455.0664,59.23841,0.2192489,1
22.20124,5.483991,17.56523,18.23196,32.36517,48.60866,9.093966,0.03680339,5
85.40991,2.237738,53.6124,141.1411,200.9869,646.8893,72.71512,0.06988863,1
46.52668,8.153468,33.26806,69.61304,189.1929,422.261,57.90485,0.219245,1
43.51041,9.382505,13.04263,11.59245,51.2516,50.01725,14.8788,0.03685362,5
122.025,6.513831,120.4238,134.6182,113.3248,516.7769,57.8144,0.06346273,1
59.08058,5.555201,53.45903,65.03958,70.2919,265.4642,44.46009,0.07026533,1
234.3706,24.06303,142.8828,231.0342,392.4149,985.5244,133.9415,0.1258854,1
29.28551,2.195112,14.71552,44.00511,133.5876,275.2905,30.00049,0.06296945,1
37.6409,11.1223,15.48976,40.674,132.8655,254.0052,34.07399,0.06296776,3
-3.256264,3.997933,5.597024,7.499123,22.3109,21.69338,0.4621302,0.06181278,5
69.83643,4.746935,53.36222,66.73431,75.6659,285.4309,42.3878,0.07030654,1
3.952266,-3.007788,1.491128,3.739907,21.74889,29.63078,9.39329,0.08021138,5
63.83709,-4.875951,43.16371,120.2294,192.3833,604.0031,64.5616,0.06987419,1
171.3651,61.02256,524.8609,76.61945,171.0604,244.7573,57.83102,0.06238846,4
12.32646,-2.942163,1.98081,7.791733,15.97261,31.01027,0.05431905,0.1542999,2
2.812391,1.368998,1.11389,-1.842123,3.634503,32.63495,2.155433,0.1233801,2
4.663363,-2.533427,10.34604,13.3684,4.62597,31.99494,6.838158,0.02719446,1
4.79405,-1.239554,11.2223,11.14534,7.062691,27.97847,2.927835,0.02717044,2
2.408023,0.08079238,10.44644,30.13925,38.86503,124.4264,8.041421,0.09825181,2
-5.959901,2.855768,1.763693,12.96173,12.96732,48.12142,4.775174,0.1234765,2
-8.645744,-0.8487973,-4.709637,6.623773,13.41632,34.32711,8.299452,0.154442,2
7.919359,-3.295277,4.045088,34.12861,70.56197,184.3459,15.0578,0.06234466,2
6.101766,-12.72798,4.923129,36.64478,72.13793,176.2712,10.94409,0.06230228,2
0,5.446599,105.9001,116.5431,128.7748,473.6742,94.91644,0.02013125,1
203.3573,10.17974,15.12648,11.93139,-4.735895,79.40461,-11.4465,0.2112937,2
0,2.486766,100.9843,123.462,133.3691,461.9809,92.74327,0.02012262,1
21.20838,-0.1019547,6.095309,26.74906,38.59929,111.1284,11.53893,0.09820835,2
47.14994,10.31305,34.0086,8.223595,42.33781,49.82932,11.01181,0.06337427,5
18.63277,-5.558079,9.506956,26.83031,45.63772,95.67461,8.133097,0.09275445,2
10.81845,6.669611,14.68519,12.99119,53.77121,91.88309,18.91909,0.06453946,2
17.53107,-1.50818,4.996302,19.35758,24.51284,68.91499,5.843835,0.0846908,2
40.75176,16.29429,34.60257,7.80135,54.49239,53.79446,17.77481,0.06333868,5
11.79244,1.699681,6.658247,22.81176,38.64574,89.11731,14.48616,0.1098582,2
53.21256,2.567394,28.77853,29.06633,30.25807,122.8106,19.59747,0.06260023,1
13.46639,13.03251,14.21761,17.67595,49.63749,74.91304,14.15774,0.08605687,3
0,5.739529,30.95499,46.57465,28.62928,132.5694,30.55975,0.02000299,1
0,41.02893,605.6104,758.1857,726.8134,2810.253,350.5039,0.02018126,1
12.87899,3.436489,8.118775,21.88952,33.01747,82.19914,11.57063,0.07368669,2
51.91129,-5.453521,38.05839,44.76009,32.31819,155.4872,25.3767,0.06254148,1
17.45936,-0.4401158,17.24143,27.12378,44.43774,98.09557,15.1046,0.09284572,3
11.15929,-1.242398,9.774078,15.79518,52.03159,87.92075,13.77853,0.06444442,2
0.1730929,-3.011872,5.445982,17.76406,34.18875,74.11702,8.186749,0.06984089,2
12.76993,-1.506488,7.750671,29.54468,40.15635,106.7078,10.1118,0.06982935,2
0.01607285,2.480335,2.223541,14.97372,22.49343,61.39408,6.195944,0.08467233,2
20.86213,3.846983,5.858589,20.33258,45.07993,82.25329,15.15642,0.1097989,2
0,41.30901,626.6895,794.5548,740.2675,2891.112,351.2475,0.02016207,1
21.45809,-2.834043,10.41072,23.86243,52.43668,81.77843,14.64621,0.08612534,5
22.3035,-1.75786,8.280953,18.52524,25.60054,85.52842,13.25795,0.07369424,2
0,7.526289,25.72125,35.98272,23.59425,113.3372,21.43008,0.0199993,1
146.6313,16.51138,104.2611,74.67915,42.20855,212.5971,37.37824,0.04655848,1
37.27046,3.490608,34.30636,24.16568,133.5011,121.1885,23.84091,0.09342866,5
12.72938,-5.381973,9.681304,9.969979,21.11063,27.59057,4.17586,0.08971591,5
67.50412,14.80628,27.43689,64.29639,123.455,266.537,32.6119,0.08627161,1
18.63633,1.435228,8.754533,5.674486,10.54072,25.46548,6.757601,0.08391871,2
22.84021,0.1057242,9.70267,13.6554,66.95929,90.71852,10.50321,0.08971721,5
19.62209,3.938843,12.67478,62.44374,98.81001,255.8474,25.97692,0.08433501,1
6.139708,0.6257071,1.410528,8.5684,13.52851,20.88668,5.018312,0.08544684,5
30.07011,-2.065091,13.2498,14.4717,49.88168,66.26616,10.87834,0.08976489,5
4.937373,-3.970383,-0.5804303,4.062849,13.21809,18.99917,4.709723,0.08834462,5
51.97729,18.78812,128.8982,56.44421,153.9535,197.9253,34.00753,0.07061857,4
16.37293,4.501633,14.49268,16.89307,37.46064,55.78424,3.443311,0.08809023,3
29.88476,4.544559,46.54971,24.96907,78.74199,130.3741,29.63558,0.1668876,3
37.34345,8.728579,43.43653,15.91731,87.56698,59.95195,23.14262,0.1391702,5
24.89765,-2.689978,15.64266,6.096581,32.54558,26.00757,9.025808,0.09193386,5
8.157495,-2.050378,13.00234,19.97931,55.90726,105.842,12.09344,0.06580772,3
14.12214,-9.498199,1.322666,17.20442,32.90082,67.74891,9.443329,0.08532704,2
19.62517,5.327383,12.66212,7.817186,7.654034,14.02264,1.821419,0.08811073,2
12.0093,6.064619,5.126853,27.65553,36.84829,94.6191,9.196157,0.07903931,2
15.13935,1.603698,18.29008,7.879456,26.22157,16.39727,6.296991,0.0934706,5
181.164,67.753,711.9967,160.043,708.8573,960.9924,211.6468,0.1102809,4
4.410484,7.168904,7.645345,1.656432,13.28452,30.64867,2.873975,0.1426428,2
18.11852,-0.5290685,11.04013,14.59663,38.18506,95.44471,13.29624,0.09160395,2
5.346242,0.06860358,7.162793,8.497879,15.10008,29.01426,5.362024,0.1530428,2
31.37572,0.3358646,12.2289,45.99848,80.64733,253.5972,22.77495,0.1101958,2
82.31145,9.07574,58.85229,60.60601,53.63553,228.8008,28.82332,0.0891128,1
178.9995,7.103935,56.91388,196.5765,352.4027,875.5927,107.9706,0.08940861,1
0,12.29315,109.8257,293.0078,380.4087,1253.103,164.0212,0.02139691,1
-5.370895,5.123196,10.18878,9.005432,29.86841,45.66881,12.73182,0.0908874,5
46.38859,10.05704,20.10443,112.1052,207.3628,497.6858,60.05169,0.06383968,1
122.4616,14.39217,85.69548,91.85473,91.56993,404.6502,59.16316,0.04578607,1
22.25307,0.4779103,9.369322,47.18971,76.80988,182.0825,24.21933,0.09358854,1
14.11303,-2.244463,8.988864,52.61512,81.51099,256.6754,21.7487,0.08186871,2
2.689518,5.882415,0.02775548,1.5584,6.983861,12.37053,3.605124,0.08443586,2
6.505428,-3.571946,1.80456,4.881363,6.636269,12.75887,0.930812,0.08435805,2
0.7334534,-0.2808964,9.757551,20.31049,54.57882,103.8494,15.12284,0.0745739,2
0,1.195691,7.092617,16.88831,21.3765,64.34763,10.41248,0.107117,2
104.5228,41.13027,255.691,56.25274,277.184,203.1273,66.64014,0.08362079,4
28.30882,1.096761,98.33616,17.37077,99.79275,96.90291,18.54356,0.13728,5
22.02719,4.794411,14.32806,32.21909,68.43263,151.7438,18.37644,0.09042946,2
271.4902,4.039646,130.6652,185.9286,218.9889,821.1564,114.2157,0.04863385,1
22.42344,3.565157,63.26905,38.97179,124.1617,174.0884,24.83163,0.1375007,4
56.44183,8.137223,27.90955,109.484,288.652,483.593,53.18776,0.1467323,3
13.55298,8.968527,10.88103,7.404329,33.96484,27.41518,-0.3037117,0.08355071,5
2.712497,3.64686,5.991824,6.120225,6.916154,18.46354,-0.3272479,0.08472473,2
32.153,-4.051764,13.09859,45.68753,74.49374,164.0225,22.51017,0.1354369,1
0,-3.277846,29.85291,18.50891,29.0288,49.14135,14.64355,0.02094694,3
24.80379,-0.382144,15.45034,11.40655,28.43416,39.85722,10.02698,0.08525094,5
17.48331,0.9533558,12.52802,17.52187,61.60482,144.6992,18.52033,0.08521271,3
38.48442,0.5104343,21.52588,32.22066,46.02188,129.9941,18.69729,0.08464247,1
33.8561,-2.740073,6.67525,12.47849,31.01748,32.4797,11.8983,0.137758,5
23.64798,2.637095,12.8526,18.22849,28.66508,72.34141,7.102784,0.08793307,1
11.1895,2.126235,12.40919,16.14286,34.05907,73.58038,19.35468,0.2148981,2
54.04435,0.6774616,27.57891,46.60953,76.3737,172.4987,22.50166,0.1248562,1
-0.5245216,0.963396,3.904142,5.459432,3.209117,16.59008,2.860162,0.09255239,2
23.22405,0.3442627,9.245537,21.12342,56.13741,122.6432,9.679518,0.1219072,2
52.73147,6.804114,28.25503,31.3578,16.22527,102.7766,18.12416,0.04876426,1
-6.94184,-5.020819,15.86487,33.57568,34.63062,51.47429,7.613285,0.09202483,5
9.186417,-3.848883,-0.01283082,9.136196,20.40303,41.30639,-3.07516,0.1621596,2
32.9653,5.29374,16.41809,6.324595,53.03069,39.24729,4.804509,0.08558311,5
43.96139,6.498153,32.4646,36.98163,90.51871,145.1428,27.32472,0.08359117,3
258.4427,12.61575,177.5252,426.2533,754.5494,1732.984,215.7513,0.07459193,1
9.225285,2.701262,4.05454,8.422595,17.42715,22.90122,0.6997162,0.1330491,5
66.90226,5.834674,35.33691,27.57534,82.54055,135.0494,31.38069,0.108012,3
20.19616,6.361166,13.06574,29.37436,54.43324,146.121,14.66876,0.132866,1
6.493421,4.4951,3.75212,8.133514,17.63593,42.3313,7.029547,0.09229714,2
12.80139,-2.398286,3.466607,2.146141,16.33265,26.28152,7.974649,0.1390814,5
107.4782,-0.9250743,18.71664,61.66449,140.8203,383.1564,38.67274,0.1332475,2
36.13646,13.7888,52.73117,22.34612,149.6109,136.4809,25.78014,0.08339076,4
70.17545,8.916806,43.8336,42.71885,27.02734,158.4125,25.98217,0.0475889,1
21.7218,0.3123384,21.22053,15.30469,6.298053,39.28343,7.093342,0.02968988,1
3.856747,2.916739,60.92782,11.42934,52.15194,51.46577,8.279478,0.1642405,5
40.20216,2.665387,19.76693,44.83024,56.54558,196.4521,26.015,0.0944446,1
93.2133,9.295129,40.89649,134.8891,329.9208,649.7175,96.46764,0.08368891,1
32.63768,1.242515,9.202532,79.37543,107.846,325.7952,35.65143,0.0842066,1
15.79147,1.337799,6.434322,21.7133,43.79079,106.197,14.11031,0.1509164,2
8.965229,3.117568,7.454234,18.58035,31.49483,71.62463,8.937484,0.1504635,2
235.7309,20.15403,366.8779,209.273,126.7331,733.8729,78.44872,0.103538,1
8.867909,-3.038149,1.801209,12.80424,15.79116,86.6234,5.033523,0.2063607,2
43.92117,9.380443,23.34986,70.57777,106.8202,283.6448,36.12083,0.106981,1
-8.497167,6.054892,4.218542,6.886128,11.52893,17.3271,-0.526536,0.08190352,5
46.0732,9.198097,24.06569,129.3916,199.7853,559.7024,46.56064,0.04565335,1
19.28473,5.519387,13.46952,5.027421,21.17114,23.27724,13.32496,0.06543949,5
6.138863,-5.281258,12.42327,3.587182,4.749297,12.59289,3.780153,0.1071957,2
92.22861,3.935661,62.87858,135.8446,257.8566,661.7244,90.49993,0.1110355,1
31.20176,4.45459,16.82545,46.9252,71.37787,205.8799,20.75451,0.08234423,1
6.728069,0.0230944,4.742177,3.570558,7.65081,13.28713,5.454338,0.1457711,2
29.22193,-0.723865,19.38296,32.35971,102.9211,151.0803,22.37871,0.05177494,3
1.787605,-0.8113512,4.273575,7.567381,21.85881,45.49737,10.66698,0.2274882,2
67.85891,0.1416747,61.89884,38.72056,20.31067,142.7995,21.9203,0.03704123,1
53.51831,3.197815,33.17283,48.60486,63.6263,166.6004,34.51288,0.08011292,1
63.67904,2.627292,28.85373,66.28398,115.9089,302.0594,46.56725,0.06465202,1
44.66101,5.123373,14.56087,68.62122,107.7153,322.898,31.97141,0.1258022,1
58.5499,9.632451,71.88594,41.74068,219.5685,213.6901,0,0.1327755,4
31.97391,6.586233,26.64145,34.89052,89.92256,150.9513,41.51113,0.0792563,3
14.29198,7.35978,12.52935,37.90817,85.56366,189.8785,23.00072,0.06914463,2
37.05187,0.8222892,10.94909,29.64138,37.02156,113.5525,21.19785,0.07448252,1
9.291757,-0.09165546,5.620355,20.16314,54.24135,109.3874,10.86336,0.08503481,2
20.72758,2.132733,11.61989,44.05736,125.6245,242.1171,26.87576,0.1333251,1
43.53433,-0.02072129,13.65809,45.88344,56.78626,167.4065,26.99824,0.08020487,1
42.77306,1.382162,13.92556,64.71584,137.2156,363.8727,32.79408,0.1610499,2
29.75353,5.253315,15.4572,39.58074,51.24837,151.5709,22.97217,0.06287614,1
11.75361,7.977194,11.09141,56.27699,116.3806,267.8967,31.10056,0.1277621,2
8.843258,5.326307,3.852155,6.326496,19.82282,30.05852,7.248925,0.09133799,5
9.284566,4.277563,2.57116,13.22737,23.06856,59.90139,4.384716,0.1388665,2
52.82136,0.8651822,27.10915,70.00838,108.3483,323.2633,51.66182,0.03680692,1
53.72951,8.016338,26.81836,46.19492,50.81336,172.9532,30.10494,0.03727411,1
37.752,12.04134,27.02074,59.54145,117.5956,270.1227,39.47166,0.06367001,1
3.241513,-0.5384858,16.80273,17.90499,40.15483,89.55761,9.800364,0.08107782,3
19.65072,8.548022,20.7875,15.64125,33.97776,43.51966,10.09932,0.08927534,5
104.3979,-5.261206,68.83253,147.4689,215.644,732.1072,101.7864,0.0371546,1
44.53407,-2.782284,21.31556,76.19621,138.4123,367.6431,42.62658,0.07910439,1
72.37379,3.8513,24.48704,65.85088,95.99925,257.3629,38.19325,0.05252608,1
10.46036,-1.238156,1.791911,18.97905,22.14013,61.54836,6.382587,0.1347834,2
6.838655,-0.7835722,3.931635,10.84444,17.85391,48.72495,2.192871,0.1378677,2
16.67333,1.014017,4.693519,27.23992,32.51426,95.27834,-2.590234,0.08117559,2
4.839352,7.011603,13.62244,7.61873,47.95195,26.37912,12.34966,0.1275448,5
65.71847,3.764845,24.42945,77.33115,113.7861,354.9441,49.54191,0.08136618,1
0,3.130287,21.52299,15.58486,16.08556,60.90096,8.636026,0.01946783,1
8.979262,3.988452,3.108346,15.34537,27.95938,79.73071,14.57492,0.08000757,2
19.44948,-3.83187,12.02855,20.1096,43.38868,60.09156,8.370733,0.06273336,5
1.754215,4.624813,9.523728,3.364843,35.78773,35.25259,11.3745,0.2695808,5
28.89305,3.889144,29.85422,48.07443,78.98722,178.9259,20.69902,0.1256663,1
37.58675,3.877548,15.56774,56.27959,71.10073,240.4535,32.70259,0.09255436,1
-2.185058,-0.3230663,8.953532,7.561459,9.214919,18.01926,-0.7072617,0.06685353,2
44.7263,8.095616,37.87999,31.29603,63.11119,73.12326,23.50158,0.08097252,4
24.59172,47.29136,26.37211,-9.507916,61.65357,108.9584,13.02619,0.03653407,2
17.53302,5.501592,42.78285,19.99411,44.62761,78.36694,9.409718,0.09523784,3
29.20852,9.346813,21.48228,30.5525,88.82385,121.7341,20.5186,0.1259008,3
0.5115386,0.2184154,-1.689459,6.267616,0.02986051,7.823266,4.753838,0.03669893,2
25.47449,0.8218734,9.997724,45.82029,101.797,266.474,31.28918,0.0921118,2
38.64534,10.04682,14.78505,49.79659,72.0042,205.4111,29.43159,0.06365392,1
14.52935,-0.2257873,9.482328,23.62119,44.23066,99.41032,14.78515,0.09214666,2
29.72194,1.695601,26.11137,90.06721,220.9872,568.3136,-58.58292,0.230787,1
74.36275,1.82302,49.01106,57.40089,69.56985,213.6567,33.8153,0.06696795,1
63.5267,0.8078562,42.19922,43.74771,40.58176,171.8185,33.27276,0.08512671,1
55.78006,3.881072,29.25554,40.20667,78.76233,153.4416,22.9399,0.06685378,3
24.28852,1.63084,6.995875,26.06658,53.91338,117.6717,16.14981,0.1442454,2
36.4583,13.29059,66.72366,13.84005,100.6584,75.68,32.63797,0.1281887,5
13.46118,-0.6467779,20.60324,21.42213,15.16521,86.15946,14.25969,0.05661373,1
-14.0079,5.926503,6.420539,3.006113,34.89899,74.96924,5.152297,0.1267847,2
54.66552,5.220222,29.80406,87.45477,132.4469,375.5125,42.55104,0.1253882,1
69.55659,3.490681,51.20166,49.47713,43.35619,190.5719,0,0.036578,1
53.78332,4.875182,47.07151,25.76162,125.7663,80.78886,27.06815,0.08420008,5
8.147416,-3.108154,29.75752,8.39609,34.39661,31.3096,14.62449,0.05592503,5
34.09192,5.972844,16.31828,41.81347,59.38943,181.898,32.06631,0.03620402,1
11.94447,3.308002,8.190108,10.32321,24.83495,60.93372,10.41324,0.06295811,2
39.21809,0.3472998,20.62229,63.58613,90.13706,240.6416,34.33863,0.06903543,1
35.93702,-1.370199,20.20629,22.90193,16.92961,77.96598,11.39043,0.08416865,1
96.70343,-0.04866053,67.93123,90.2422,104.9147,396.0972,56.15826,0.1163653,1
53.05161,-0.6986817,28.6651,63.03196,97.47633,315.8114,42.79973,0.1641794,1
1.704957,1.809084,-0.8829584,16.21317,19.52539,61.09303,4.400324,0.2092674,2
93.52731,4.480202,113.5187,82.50459,61.67018,318.014,51.92841,0.02552898,1
145.1099,7.02535,112.5854,80.64535,174.2049,283.4354,88.79155,0.02726925,3
11.34381,2.37323,5.588608,22.67614,61.39359,131.3698,17.38148,0.1661029,2
30.87209,-2.118533,24.1864,35.75417,71.00978,132.1454,25.24776,0.02502265,3
24.0645,11.65979,17.43116,14.86939,7.199251,43.80646,5.473591,0.02855049,1
3.957135,5.201197,9.808921,10.0294,5.054389,31.00014,9.592723,0.0274709,2
15.78852,-0.2765588,4.084954,19.46007,31.72203,82.65038,9.614439,0.2046565,2
16.02943,2.172468,9.282556,27.20834,48.25734,144.6136,17.62656,0.06354298,2
5.672163,4.125519,5.826454,10.7341,18.53606,39.92615,4.7826,0.06264071,2
57.95084,0.2305668,79.2635,35.16845,12.66583,138.2226,17.44817,0.03038891,1
5.217461,13.77779,23.05464,13.83974,33.92169,48.53442,14.25631,0.03673735,5
17.15124,5.586757,13.45825,18.74982,56.70716,82.7048,10.38899,0.06938305,3
144.003,8.318747,77.41117,81.46915,69.25172,277.6913,45.9218,0.07294767,1
0,40.46572,609.2878,382.6664,204.5739,1327.855,160.7348,0.005939425,1
11.30312,0.6149122,6.297454,18.88712,22.23468,69.32813,10.03239,0.1023372,2
19.01576,-0.3369755,4.070668,14.74047,26.43321,62.0206,7.92354,0.03480157,2
17.81651,5.288765,5.583646,4.941953,13.49018,20.00772,0.628054,0.06320285,5
12.62075,4.141464,19.16951,34.71544,69.0127,190.4596,33.18386,0.08081359,1
34.64694,0.5975633,33.40894,24.34726,79.28927,115.2665,20.71456,0.09892269,3
57.12901,0.8640828,26.23361,91.86626,107.428,362.7931,46.1403,0.07320447,1
14.26086,12.85853,8.173638,35.01701,65.41706,168.3379,22.59471,0.08072105,2
0,962.2604,11480.28,2833.981,425.1553,9129.952,386.4682,0.006316895,1
39.62438,0.2424606,16.21121,65.26759,105.8659,240.6636,26.04355,0.09785258,1
0,11.00144,122.5836,51.36633,22.47803,161.9299,23.26556,0.006121848,1
2.943279,-1.722103,3.853576,7.065351,7.224181,23.09649,4.640034,0.06343265,2
15.52481,4.236895,9.952441,24.28444,56.49528,112.5879,15.11288,0.2205509,2
50.58371,6.012272,50.67799,53.96175,62.85007,210.7018,26.35218,0.2127422,1
14.22634,1.746984,7.434002,14.27692,14.99443,47.84256,9.303903,0.07367587,2
75.79691,5.9357,32.88492,70.18707,59.7957,240.7912,36.57722,0.06303807,1
28.55917,11.66302,17.83123,73.24532,127.1261,320.3292,30.83239,0.1164241,1
27.6602,20.70709,144.1277,91.38157,262.4843,467.7469,46.17149,0.1306843,3
200.7194,29.71807,352.6557,133.7764,33.18724,403.5322,42.56122,0.02833657,1
29.57619,0.3773835,20.5012,8.596889,40.46572,49.49377,15.4535,0.06144949,5
30.08737,2.781586,13.01302,6.502845,29.21008,32.71066,20.07279,0.1432962,5
-2.623926,7.054055,3.656066,18.09094,33.03264,78.42557,10.39546,0.09404112,2
5.515599,-6.437328,3.828481,5.352535,19.39954,231.6248,5.495086,0.1917254,2
163.3073,12.11842,75.86851,187.697,250.4049,794.5677,100.2513,0.02513117,1
0,13.39412,68.23159,36.34275,11.30907,115.8531,12.7189,0.02049324,1
672.3011,454.7505,5266.688,959.8481,169.4725,3004.321,103.2871,0.09770181,1
14.81176,-0.8252389,8.875811,17.06553,22.83377,61.34509,9.603734,0.08964708,2
93.77016,9.485344,46.05843,79.70146,81.54813,255.3856,33.21354,0.08665648,1
9.719717,3.721806,0.5744114,9.47518,21.40107,43.59058,7.966717,0.09335276,2
0,14.54335,76.46301,38.43665,2.760194,89.45849,2.108585,0.006327039,2
11.11359,2.109351,8.178283,7.741691,8.180793,31.83204,6.828695,0.04770873,2
66.32862,1.011223,25.22724,37.91085,163.3945,245.1226,38.64991,0.08063073,3
97.40482,7.716487,77.76672,58.66723,34.95163,190.1765,33.89153,0.07421976,1
111.7172,12.96687,113.2058,99.44359,164.933,522.236,65.94819,0.0858379,1
27.37049,-4.190004,16.40577,13.97881,20.76882,36.40179,9.383044,0.06410416,2
0,5.038213,12.46059,11.30124,3.958309,37.03847,5.974049,0.02117685,1
12.79691,-0.4823777,13.8944,0.8493628,4.541558,9.483521,0.463687,0.06441984,2
45.09158,3.967621,18.29012,58.42739,108.2495,298.9723,41.65986,0.08834895,1
0,4.862572,87.11272,67.62199,74.39542,182.9019,31.09872,0.02054176,3
13.64707,5.925611,7.781494,22.53823,28.33604,80.49271,14.83218,0.06130891,2
313.1543,34.1681,316.7859,206.2887,116.5738,563.0275,73.60356,0.0466621,1
23.71615,-2.772591,14.18542,53.53412,80.6431,234.954,26.19967,0.1427079,1
14.11695,1.949243,13.34628,8.879791,36.21947,67.71864,9.818688,0.06324172,2
48.88679,4.698483,25.94346,56.74957,79.41491,258.7148,35.7304,0.0880089,1
2.924557,2.544188,10.3788,8.033737,17.2902,48.22869,9.175489,0.06179937,2
50.05123,10.84685,69.57492,22.88308,9.762487,103.7139,12.81155,0.02719792,1
10.7183,1.325409,16.57702,15.57128,6.72329,54.51644,10.32569,0.03107532,1
7.494719,6.302375,13.59256,7.528667,42.74533,52.2541,6.658917,0.0844093,5
62.97795,4.159434,29.04739,40.76297,31.1424,121.9495,22.40457,0.0766883,1
6.605303,3.838495,6.340672,9.054848,19.39527,30.23796,1.769085,0.0754328,5
36.66733,-0.2058048,20.19811,14.06133,23.22334,46.71065,-3.225119,0.08517714,2
0,38.16888,465.3918,491.2562,311.3021,1615.863,198.9717,0.02063313,1
5.595019,-0.4914891,11.24051,10.49838,13.74029,17.87274,1.065512,0.07496258,5
22.50762,4.857006,20.45291,29.65475,37.05072,125.0809,14.71525,0.0935129,1
10.48686,-0.9844956,1.807153,10.66068,9.469987,23.24864,1.888581,0.09143651,2
685.3654,93.38558,1136.897,435.304,132.2474,1489.198,159.9301,0.03552244,1
833.2952,165.4444,2147.528,652.4969,139.4422,2008.508,150.7724,0.02616739,1
6.317047,2.244026,9.67872,8.360362,21.72032,25.61105,5.525402,0.08781833,5
63.904,-0.7368952,35.79316,57.90806,60.37647,225.959,36.69431,0.07917745,1
4.789371,-0.6921434,2.234754,1.465032,15.7873,22.36,2.841491,0.0766632,5
32.29147,-3.543989,21.59239,30.33933,47.41321,80.30472,15.43465,0.0779044,2
236.2296,21.46102,429.9758,328.7025,548.7486,1902.939,160.3841,0.08185273,1
-5.097386,0.7230856,7.413632,10.94951,32.40903,44.85712,7.550254,0.09405735,5
23.44508,4.564674,8.440388,12.29525,26.69361,40.69887,8.958134,0.09272406,5
142.2464,2.125042,77.42367,153.242,151.5102,560.9105,64.19888,0.09474918,1
0,12.85079,114.8077,94.89962,53.88492,282.2596,41.19531,0.02078303,1
16.14137,-1.458217,14.98844,13.7003,19.21963,31.83925,3.572086,0.09665815,5
0,24.27193,205.5576,114.9905,518.2247,481.4515,105.7476,0.01255482,5
64.08872,5.116407,58.24282,23.86093,88.80113,94.46148,39.0448,0.09438431,4
60.60834,-0.5624806,17.55868,29.1008,41.03138,117.6197,13.7028,0.07970483,2
0,3.378461,11.67526,8.663729,6.963881,31.78528,2.209951,0.01312433,2
0,63.68916,625.7214,223.9737,48.6262,627.834,57.48413,0.02076184,1
39.23317,14.13607,147.8519,19.00392,123.3741,98.60318,37.0281,0.09917402,5
0,16.26838,71.1323,280.2601,902.1597,1482.796,219.4364,0.0202142,3
40.01587,0,33.7829,43.4965,169.3631,294.662,32.6464,0.06115794,3
21.18039,2.345666,14.01314,55.9686,110.9765,323.5428,28.15683,0.04823616,2
34.24699,10.92933,30.76088,49.55423,128.8203,228.6349,25.79751,0.2009652,3
136.936,6.276938,92.23936,90.64887,73.01641,295.8098,41.1857,0.09863139,1
38.60728,5.71401,22.63283,27.30935,20.37842,93.78834,18.16868,0.06287378,1
133.3018,4.011203,125.9498,294.9541,839.2515,1821.166,223.0981,0.08115898,1
7.437092,2.031084,6.611016,28.37772,41.02051,113.0501,11.27775,0.0938159,2
21.11391,2.078069,16.89259,19.00775,20.00998,70.88,11.51389,0.04655245,1
70.10055,0.9931177,33.23087,53.02825,42.86845,183.4266,28.76134,0.04833083,1
11.15841,-0.6341382,12.66671,26.77592,67.60773,163.4166,26.6487,0.04688425,1
7.076684,4.314873,8.387331,38.83325,61.04675,166.7829,19.93778,0.09365875,2
16.90224,1.635104,8.877811,28.74486,40.10704,134.8683,16.6395,0.08794834,2
142.2062,2.807525,51.63588,129.862,147.078,475.1909,71.50596,0.03454532,1
210.1984,14.73686,208.4404,136.3546,119.8987,578.2524,100.1278,0.03512238,1
26.99059,8.215756,11.23915,14.71832,31.34699,28.8474,12.95209,0.0793566,5
32.84928,1.777195,11.43479,17.24395,10.5514,46.10783,9.026332,0.03645267,1
39.06044,5.691199,25.56212,103.9492,221.4088,568.1908,76.07652,0.03467124,1
34.97691,13.49607,53.75088,13.71467,68.56898,66.58575,0,0.08495065,5
20.96555,4.020577,15.28888,12.34943,5.731369,30.74401,8.094768,0.03460572,1
26.71315,-0.170986,9.92093,22.88907,28.64763,83.65855,9.180489,0.07965201,1
6.791434,10.08305,26.01147,13.9031,67.60233,41.0179,11.6097,0.06443697,5
10.78354,1.850348,6.559699,10.07765,19.1887,46.28739,0.6446267,0.1570936,2
24.69838,5.007333,8.426869,26.95425,37.54624,102.5741,14.27358,0.08935121,2
18.49617,1.773269,13.67821,41.23113,143.802,211.3983,27.08739,0.09367687,3
35.75744,3.013562,12.91417,35.05587,124.9492,195.7264,29.60761,0.09845868,5
48.2042,-2.329977,38.59486,56.68415,105.9083,258.3044,44.22762,0.09498237,1
48.98552,1.403611,19.06509,78.53085,108.5181,311.0261,37.7506,0.09804763,1
5.669134,-1.207962,6.937035,6.465015,14.30037,14.20626,10.89725,0.09433588,5
1.840866,-2.091203,4.113733,13.75935,30.73882,59.1315,11.28999,0.09451768,2
35.79673,5.516829,21.49068,88.90245,139.5597,375.5454,40.79393,0.02883614,1
4.599362,1.041886,4.679527,8.949864,23.13419,37.45174,5.986484,0.09484667,5
0,17.73673,230.4097,111.6566,42.9607,386.9496,39.18606,0.02051127,1
21.09728,-0.4349125,11.77187,11.15162,10.80884,22.57135,4.759408,0.0971866,2
28.74418,0.2702125,8.537987,65.24599,100.6094,277.2243,25.81959,0.07955465,2
317.8836,43.23687,578.579,211.7393,53.89565,551.4218,59.40328,0.04658309,1
15.48932,2.090668,15.1907,22.79305,45.33305,88.99931,18.85542,0.09519172,3
16.83199,0.9963376,19.21826,24.33388,57.85829,125.5628,18.0941,0.06268381,3
28.69452,-4.307963,6.479644,21.19328,38.2011,82.77835,7.490098,0.06175778,2
199.1547,41.81455,354.7021,133.0558,22.61897,405.3625,40.1369,0.03461061,1
11.2849,-0.3245288,5.745209,4.548361,7.196512,18.09204,6.096174,0.1253889,2
1.476474,-4.61953,12.623,12.08741,32.1847,66.61355,8.228705,0.1260126,2
155.7291,13.75492,137.3915,104.6024,56.0465,330.7124,46.23217,0.04755318,1
33.09336,3.232064,14.58842,40.13844,77.83401,158.5138,26.93743,0.08944283,1
8.88069,0.1822344,4.913955,7.80487,33.74887,51.79183,14.00283,0.08549848,5
11.65255,-0.1022423,11.08231,19.84068,35.04831,84.64382,11.42916,0.1731074,2
48.3713,2.114408,16.26287,61.87346,154.3787,310.0363,44.51324,0.09474451,1
373.0688,38.33918,486.0197,253.1404,111.2496,807.9829,87.24911,0.07153107,1
116.2897,7.436141,125.2423,91.33578,72.38974,373.8942,52.10249,0.06197061,1
22.56379,-3.602052,15.43292,78.1082,194.0781,366.8863,42.27278,0.0629528,1
10.53596,0.3345125,4.480009,17.78757,29.75268,48.57428,-6.583684,0.1101994,5
30.97098,2.693407,9.354232,25.53657,28.53202,105.9639,15.54759,0.04620481,1
37.49814,8.918207,13.02258,38.72554,83.38744,213.4122,32.04301,0.09047782,2
50.11433,0.01767907,21.10355,61.9308,76.84927,248.6414,31.4968,0.1247545,1
10.41911,-2.043818,32.67295,20.76763,87.25341,68.53453,23.36711,0.04760075,5
103.0082,5.167151,59.23248,86.11896,78.71181,302.2073,38.10836,0.04713756,1
48.37716,1.768349,39.06328,39.81763,36.17365,163.6463,17.49467,0.08072107,1
22.07529,-0.7987594,2.870676,32.74011,51.58125,140.908,17.13149,0.09006838,2
13.34614,6.919837,18.66016,6.600799,57.25787,38.30275,21.35059,0.08070255,5
278.9138,12.00445,233.9664,201.6066,160.9459,648.1735,87.62089,0.06411064,1
15.99535,-2.340121,9.706217,61.13388,154.1319,295.6505,36.83227,0.06327522,2
112.4778,23.38504,202.5237,106.9028,88.06135,420.5194,74.93069,0.03546179,1
61.73872,6.449637,33.10904,81.85916,103.7394,291.8169,40.00652,0.04747811,1
113.4818,14.43162,71.70038,48.14282,24.89766,152.9519,28.7099,0.03545549,1
18.12357,-5.557797,9.523458,28.91679,61.68732,125.2326,13.40299,0.07774719,2
53.73753,5.534234,34.20815,99.94367,152.1624,391.5531,50.95337,0.08021554,1
19.69924,-5.895523,13.16872,15.06436,39.5605,67.26954,13.57103,0.09527842,3
4.266198,-1.505831,11.21012,20.89443,57.8598,111.4513,16.8086,0.1257513,2
371.1938,19.31544,413.2411,404.4327,634.2519,1948.772,227.8998,0.0650007,1
20.68943,8.377001,24.64422,61.75042,327.8547,485.7838,57.37098,0.08655048,3
13.1811,1.102358,10.47365,13.51536,32.34762,69.08924,13.57836,0.09250537,3
31.97604,6.372103,20.86701,67.13624,111.648,312.8085,26.02197,0.1269907,1
13.20347,-0.9935658,2.523943,15.84883,30.69913,72.62741,10.23835,0.0795028,2
145.2963,9.908839,147.9382,120.2159,83.39346,429.9605,57.42988,0.08823899,1
11.95495,-5.329247,9.203398,19.24122,40.01701,105.9428,12.47305,0.06247292,1
353.4624,31.75322,610.9689,256.4054,114.4482,878.3365,72.3088,0.06874236,1
1.395023,-2.483527,0.5084364,8.287835,4.874368,53.68398,-3.576016,0.1688969,2
0.6639875,2.97451,0.2565888,19.26758,36.91302,92.70818,9.691315,0.1386263,2
54.1328,4.633604,19.20123,93.89392,133.8887,419.6267,43.17764,0.04600773,1
23.68011,-0.3631275,7.18137,43.85061,118.0383,249.971,28.40896,0.1391733,2
28.76502,-4.776875,14.7671,33.62524,63.13332,161.1288,8.502703,0.09453826,2
28.64972,-1.16394,16.87775,74.67306,140.4263,338.8247,33.04837,0.09237399,1
39.57388,25.37356,344.1903,70.86655,202.2737,354.1077,49.11408,0.0904035,4
19.11756,5.432716,16.45599,46.71999,69.58862,200.6974,25.18748,0.09158873,1
6.915559,0.6702091,7.626584,6.466896,13.21898,18.07209,1.663118,0.03312969,5
17.20731,3.314152,40.16806,27.90254,206.1471,194.2369,38.61967,0.08745652,4
48.1217,6.024264,37.62562,30.90452,24.35784,113.3944,18.98196,0.04516219,1
37.20909,6.698216,36.34778,9.789807,28.76867,39.08002,9.556602,0.06191481,5
22.82224,1.563978,6.454863,17.37496,23.02791,66.72914,11.6566,0.0876964,2
11.10045,4.314779,5.952743,24.35473,39.568,121.9914,19.53896,0.03290842,2
3.219568,3.922379,21.11656,27.10853,70.10525,149.2251,22.92693,0.06505554,3
110.9207,10.19403,95.64,45.61246,146.4963,151.1079,49.65108,0.03283051,4
48.41891,2.51321,19.22576,79.74321,223.8131,367.2041,50.27746,0.1045381,3
3.792633,2.892399,0.5166522,6.852829,5.230348,19.31843,40.81194,0.1668149,2
33.94693,0.6257504,19.22739,64.6968,112.8126,335.107,0,0.0354549,1
51.2184,2.373864,19.07742,57.1456,75.55002,238.5995,30.0195,0.09454266,1
10.812,-3.131644,10.01359,7.893864,17.6404,21.57298,4.484454,0.07951723,5
8.62219,8.555114,12.20515,18.41115,28.65302,78.37866,11.80951,0.1009298,1
21.66867,2.038083,8.457549,11.81954,14.06775,46.53702,18.7571,0.08711237,1
26.57317,1.197204,3.453293,26.0879,45.23689,125.8962,8.832578,0.07888881,2
16.58981,-4.924973,7.111575,39.49681,68.16107,185.6804,19.38295,0.087836,2
21.11426,-2.954734,6.347411,13.2073,33.52302,82.83312,10.41331,0.04565933,2
11.26602,1.210585,12.15708,8.234548,37.1466,39.67291,18.60308,0.1378106,5
30.74675,5.389936,22.77008,27.99174,32.7762,128.2808,27.01525,0.03264355,1
12.25823,8.138074,12.78407,7.829206,27.21001,26.14906,12.87082,0.09508175,5
51.14592,4.086863,19.06136,31.06005,45.89472,154.1149,27.00243,0.03266715,1
227.4509,12.34568,211.9003,200.2337,169.5144,710.4791,89.61397,0.09199978,1
135.2186,22.08348,155.9731,86.29787,48.87628,325.8842,45.71886,0.03270648,1
34.61282,4.726591,23.87024,39.43608,55.98114,182.9527,25.34238,0.09086309,1
48.83617,1.834667,21.24576,40.63863,110.7447,161.2923,34.03801,0.08995679,5
12.42764,0,3.872965,12.9758,20.99091,58.44881,8.411729,0.06188377,2
17.1436,2.053726,5.868615,23.48811,29.80749,84.63778,8.871406,0.1039087,2
140.0362,5.541825,38.94921,22.76247,59.80913,142.9531,-4.758068,0.06139873,2
52.84438,-1.086341,22.72418,43.76684,42.66686,158.9809,21.4856,0.08149754,1
4.329756,-1.572237,8.060177,13.844,31.8732,59.87019,4.600823,0.1038225,2
5.037046,1.23025,4.005112,4.418463,12.61777,25.18696,0.4713123,0.08544431,2
15.93165,-2.10489,3.61905,20.2869,34.04941,93.6983,10.80391,0.08966059,2
10.80768,-0.3994963,11.48091,10.8511,31.4899,31.13451,4.351161,0.0910074,5
40.01134,8.077555,12.83736,75.59972,117.3492,305.8771,29.99465,0.04281429,1
5.492679,-2.415029,18.10858,15.99072,43.71794,71.22694,27.45829,0.09226476,5
8.333682,-12.84038,10.12066,23.0193,25.69887,35.03702,10.87999,0.08911609,5
47.44382,10.72483,21.22882,59.74278,163.9825,361.5466,49.17493,0.03274609,1
11.17972,4.135935,4.93615,14.69887,2.784778,27.33129,-7.800606,0.08735064,2
26.66698,0.422994,20.15755,62.51258,118.8978,266.9763,38.27485,0.09239345,1
11.40267,7.198753,7.289512,27.94801,53.37259,118.5433,11.03764,0.09491993,2
4.149129,-3.352232,-0.05362435,8.454941,15.73295,34.06854,3.183933,0.09931388,2
75.12447,6.348656,56.82618,27.22198,99.67264,133.3562,38.52229,0.0848731,5
19.34509,0.7447689,12.18657,24.862,51.11549,108.577,11.94438,0.04256744,2
22.41684,3.703216,12.25263,24.51246,42.28733,115.854,12.4788,0.08479784,1
26.18671,0.03098516,17.8418,42.82127,99.37981,246.018,37.25099,0.1254833,1
12.01574,-4.887095,3.637906,17.72008,22.73475,71.62851,12.11275,0.08542071,2
37.0416,5.649094,15.18732,28.64391,24.84239,90.21249,13.53133,0.03273103,1
25.42288,5.373128,12.51635,20.10266,48.89227,81.21522,15.32919,0.03289981,5
27.41797,5.523665,16.22207,62.26284,92.25349,275.9362,34.84282,0.08837859,1
35.29421,17.29897,165.2497,20.31474,87.51591,66.83553,14.51156,0.0937748,4
50.90875,2.309972,23.07946,19.92695,13.61429,75.67236,15.79627,0.03282471,1
5.976989,0.4312158,1.623087,16.92422,26.09342,72.48888,-12.16128,0.2526672,2
16.76354,-2.055876,6.151631,59.45612,81.71263,253.6077,23.86601,0.08993394,2
10.25548,-1.570857,3.299181,12.39236,15.4535,50.72686,6.126857,0.07231998,2
29.34321,5.342274,35.55265,23.97026,85.52791,146.5363,21.40696,0.08827484,3
16.85596,4.239125,8.135857,14.99787,21.14782,71.42527,7.861309,0.08772417,1
20.15998,8.034516,51.25844,21.67218,83.99052,141.9309,26.22577,0.0914688,4
92.68459,5.337348,49.25061,72.18984,90.95322,279.7733,40.43362,0.09126621,1
12.75959,3.389699,8.141509,15.06822,25.37076,51.27558,4.865202,0.09765661,2
42.63735,1.347389,58.94191,35.09498,80.79646,167.4758,26.82825,0.1402985,3
53.72743,16.93891,167.8019,36.243,156.7611,142.9137,41.55498,0.1247119,4
14.22952,4.591046,23.42477,6.755226,24.10227,33.56335,11.45478,0.04240929,5
40.76287,5.303465,32.4342,29.25913,16.00216,84.17003,14.9138,0.04679211,1
12.84523,-0.2788827,9.898718,45.73022,73.17879,196.2893,14.99799,0.1714771,2
46.83764,7.612479,25.32078,54.81047,109.7421,296.3441,43.41864,0.07280485,1
4.604249,-0.5500289,-0.06024995,6.987209,10.03429,20.37594,17.97864,0.167195,2
-1.122525,0.3514629,2.925852,1.930783,0.8718268,8.48856,0.9087402,0.1680779,2
2.579112,4.382541,6.782035,12.38684,42.33924,72.42015,-1.417777,0.1683408,2
19.67842,-0.1427002,7.048329,38.57096,68.80859,146.2751,14.99312,0.1716147,2
0,-0.6925403,4.593507,5.445053,0.3660214,15.89019,1.689312,0.01708713,2
9.264801,-1.338118,7.17866,18.9629,60.54015,109.3788,15.36844,0.1661778,2
23.37343,22.6777,65.68484,33.1484,149.2301,128.6834,24.91711,0.04747756,5
84.08788,7.846761,64.20728,82.12549,86.59921,383.0684,63.30262,0.03307227,1
18.25085,0.7752239,11.71803,9.118748,3.017048,27.5511,4.08818,0.1705464,2
83.41364,5.896461,51.98675,71.41164,73.50429,245.2484,35.51279,0.06236521,1
14.60908,0.8351135,9.176475,6.017962,28.15887,34.22502,9.155124,0.07045922,5
12.26175,2.154431,6.990073,24.37058,36.79819,107.3333,9.782095,0.07342248,2
29.69342,0.7852646,17.00955,51.47771,79.05904,246.3837,30.30225,0.07287358,1
10.99151,0.6789747,16.38635,7.203358,53.4968,47.72829,17.05383,0.04624894,5
54.93817,14.42532,46.03626,31.62639,39.63854,137.4945,28.2385,0.03283368,1
0,58.10135,843.854,232.0531,12.83925,711.5928,24.77304,0.006497472,1
10.4899,2.877728,18.90723,9.759718,17.64937,24.74207,2.346639,0.08473924,5
157.2225,6.924177,118.9729,158.175,185.7486,575.7731,83.33763,0.1262092,1
16.39551,-2.164174,19.5474,27.05155,65.04456,129.132,19.74894,0.1060983,3
56.70696,0.7311379,36.67346,19.6135,114.1237,89.06319,36.79688,0.09104228,4
12.64954,-1.514691,9.006343,1.926271,17.06767,27.30353,11.08686,0.09330761,5
22.10867,0.7366455,11.4931,27.64173,72.54271,159.5953,12.52191,0.1681964,2
17.30926,2.203986,4.859319,1.868965,18.93759,22.82642,5.126723,0.08496389,5
9.642654,4.208603,6.313782,18.46765,30.81195,70.71,0,0.08504127,2
15.41397,-1.520621,11.66614,6.476828,18.28547,23.04138,7.408066,0.08459932,5
6.381621,-2.513303,6.718429,5.389117,4.927127,13.7829,2.770036,0.06146668,2
23.63188,-0.4162952,9.870459,38.54222,58.95715,175.117,25.07043,0.08773529,1
50.95253,11.76397,25.33178,10.19118,110.696,67.36608,25.3569,0.0876554,5
14.98927,3.824738,10.9071,9.285082,35.04847,36.12415,8.802493,0.08721134,5
201.6023,24.53959,76.52338,41.24131,286.9717,256.5103,120.5035,0.03294319,4
36.25503,7.444472,16.58894,48.15978,99.22512,264.6151,36.80228,0.07309938,1
68.98335,8.762929,44.59795,46.78944,32.95068,172.9157,27.84741,0.03540421,1
18.72695,1.883249,8.848611,7.796759,18.68635,19.34204,7.05602,0.08343904,5
35.40492,4.136052,9.749538,46.65839,77.06866,165.7901,20.13183,0.08727632,1
133.9954,7.097674,66.70953,227.9782,338.4266,997.2265,119.0748,0.08184298,1
60.74152,10.17056,23.49912,22.73956,64.94694,71.63791,25.73014,0.08852571,4
24.97846,1.380794,5.93914,43.164,67.27484,201.2793,13.22202,0.09004407,2
31.26354,0.2372992,12.26288,34.0713,48.14116,148.3746,28.41346,0.08105936,1
13.04753,3.427878,11.6028,7.521996,14.14119,26.28585,2.736994,0.08888451,2
21.48632,1.96855,7.711979,36.55588,59.04743,175.9771,15.6784,0.08794172,2
13.4653,2.544196,6.565986,27.01628,41.54885,125.9537,11.76756,0.08771387,2
-1.186527,0.1564711,0.6526116,14.36574,23.415,60.63253,6.632455,0.1095487,2
42.09605,1.559205,21.72045,41.82759,52.5919,160.1712,25.25399,0.08443944,1
44.00109,6.519054,40.36829,28.79672,85.85163,89.60113,35.51069,0.1082038,4
32.28619,8.663125,35.65907,11.8266,40.15001,51.58377,16.38704,0.1058639,5
13.57489,-1.514715,9.732224,14.76263,21.95701,74.40677,12.96253,0.06298586,1
65.26088,0.02782866,59.95945,41.83756,13.21246,116.0829,18.24782,0.03175354,1
25.80175,-3.650414,20.48259,10.24498,70.76044,74.95518,11.83581,0.06262695,5
36.24813,2.977327,10.18762,42.62727,54.91368,176.8644,19.44757,0.08471707,1
31.3722,1.793689,12.82838,31.30098,41.70224,128.626,16.17745,0.06583685,1
61.82138,0.05965509,19.50641,106.6274,152.4541,452.1491,52.85024,0.1065858,1
12.19295,3.941111,17.86054,14.64364,56.66893,83.55087,19.39225,0.09047463,3
13.86092,1.625892,6.576094,9.071486,27.22048,62.47291,10.19781,0.1377121,2
14.73402,3.633051,29.34431,13.35545,50.36454,67.51923,8.312058,0.1248814,4
73.69989,11.45952,33.96792,47.85605,38.01976,158.2941,25.55609,0.07429044,1
8.746406,-1.50743,10.12876,15.23596,40.02576,84.5497,12.03668,0.08909202,2
25.99112,4.622935,59.6338,42.8634,125.3666,168.2825,38.06675,0.08885787,3
18.119,6.492962,45.32411,49.10869,143.4684,228.1027,30.63945,0.08841926,3
23.00964,2.084826,7.194001,19.7928,20.50763,70.26376,13.78549,0.06948269,1
18.48717,5.873175,7.792282,40.92113,63.13521,185.2616,21.55284,0.08693989,2